Gene	Variant	Chr	Coordinate	Consequence	HGVSc	HGVSp	Classification	Type	Genotype	Exonic	Filters	Quality	GQX	Inherited From	Alt Variant Freq	Read Depth	Alt Read Depth	Allelic Depths	Custom Annotation	Custom Gene Annotation	Custom Gene Annotation 2	Num Transcripts	Transcript	cDNA Position	CDS Position	Protein Position	Amino Acids	Codons	Transcript HGNC	Canonical	Sift	PolyPhen	ENSP	dbSNP ID	Conservation Score	Ancestral Allele	Alternate Alleles	Allele Freq	Allele Freq Global Minor	Global Minor Allele	Allele Freq Amr	Allele Freq Eas	Allele Freq Sas	Allele Freq Af	Allele Freq Eur	EVS Freq All	EVS Coverage	EVS Samples	ExAC Freq All	ExAC Freq Afr	ExAC Freq Amr	ExAC Freq Eas	ExAC Freq Sas	ExAC Freq Fin	ExAC Freq Nfe	ExAC Freq Other	ExAC Coverage	ExAC Samples	COSMIC ID	COSMIC Allele	COSMIC Gene	COSMIC Primary Site	COSMIC Histology	ClinVar Accession	ClinVar Alleles	ClinVar Allele Type	ClinVar Significance	ClinVar Disease Name	ClinVar MedGen	ClinVar OMIM	ClinVar Orphanet	ClinVar GeneReviews	ClinVar SnoMedCt ID	Regulatory Feature	Google Scholar	PubMed	UCSC Browser	
MTOR	C>C/T	1	11181327	synonymous_variant	NM_004958.3:c.6909G>A	NM_004958.3:c.6909G>A(p.=)		snv	het	yes	PASS	100	100		48.85	2745	1341	1403,1341				6	NM_004958.3	7030	6909	2303	L	ctG/ctA	MTOR	YES			NP_004949.1	rs11121691	0.56	C	1	22.06	22.06	T	15.42	5.65	12.99	43.65	23.56	30.21	7200	6503	21.84	43.4	11.06	5.91	16.24	22.67	23.75	20.53	4200	60585	COSM3996743	T	MTOR	large_intestine;haematopoietic_and_lymphoid_tissue	carcinoma;haematopoietic_neoplasm												google	pubmed	ucsc	
MTOR	C>C/T	1	11181327	synonymous_variant	XM_005263439.1:c.6228G>A	XM_005263439.1:c.6228G>A(p.=)		snv	het	yes	PASS	100	100		48.85	2745	1341	1403,1341				6	XM_005263439.1	6423	6228	2076	L	ctG/ctA	MTOR				XP_005263496.1	rs11121691	0.56	C	1	22.06	22.06	T	15.42	5.65	12.99	43.65	23.56	30.21	7200	6503	21.84	43.4	11.06	5.91	16.24	22.67	23.75	20.53	4200	60585	COSM3996743	T	MTOR	large_intestine;haematopoietic_and_lymphoid_tissue	carcinoma;haematopoietic_neoplasm												google	pubmed	ucsc	
MTOR	C>C/T	1	11181327	intron_variant	XM_005263440.1:c.5003-14146G>A			snv	het	yes	PASS	100	100		48.85	2745	1341	1403,1341				6	XM_005263440.1			0			MTOR				XP_005263497.1	rs11121691	0.56	C	1	22.06	22.06	T	15.42	5.65	12.99	43.65	23.56	30.21	7200	6503	21.84	43.4	11.06	5.91	16.24	22.67	23.75	20.53	4200	60585	COSM3996743	T	MTOR	large_intestine;haematopoietic_and_lymphoid_tissue	carcinoma;haematopoietic_neoplasm												google	pubmed	ucsc	
MTOR	C>C/T	1	11181327	intron_variant	XM_005263441.1:c.4031-14481G>A			snv	het	yes	PASS	100	100		48.85	2745	1341	1403,1341				6	XM_005263441.1			0			MTOR				XP_005263498.1	rs11121691	0.56	C	1	22.06	22.06	T	15.42	5.65	12.99	43.65	23.56	30.21	7200	6503	21.84	43.4	11.06	5.91	16.24	22.67	23.75	20.53	4200	60585	COSM3996743	T	MTOR	large_intestine;haematopoietic_and_lymphoid_tissue	carcinoma;haematopoietic_neoplasm												google	pubmed	ucsc	
MTOR	C>C/T	1	11181327	synonymous_variant	XM_005263438.1:c.6909G>A	XM_005263438.1:c.6909G>A(p.=)		snv	het	yes	PASS	100	100		48.85	2745	1341	1403,1341				6	XM_005263438.1	7063	6909	2303	L	ctG/ctA	MTOR				XP_005263495.1	rs11121691	0.56	C	1	22.06	22.06	T	15.42	5.65	12.99	43.65	23.56	30.21	7200	6503	21.84	43.4	11.06	5.91	16.24	22.67	23.75	20.53	4200	60585	COSM3996743	T	MTOR	large_intestine;haematopoietic_and_lymphoid_tissue	carcinoma;haematopoietic_neoplasm												google	pubmed	ucsc	
MTOR	C>C/T	1	11181327	non_coding_transcript_exon_variant,non_coding_transcript_variant	XR_244786.1:n.7030G>A			snv	het	yes	PASS	100	100		48.85	2745	1341	1403,1341				6	XR_244786.1	7030		0			MTOR					rs11121691	0.56	C	1	22.06	22.06	T	15.42	5.65	12.99	43.65	23.56	30.21	7200	6503	21.84	43.4	11.06	5.91	16.24	22.67	23.75	20.53	4200	60585	COSM3996743	T	MTOR	large_intestine;haematopoietic_and_lymphoid_tissue	carcinoma;haematopoietic_neoplasm												google	pubmed	ucsc	
MTOR	G>G/A	1	11190646	synonymous_variant	NM_004958.3:c.5553C>T	NM_004958.3:c.5553C>T(p.=)		snv	het	yes	PASS	100	100		50.6	4166	2108	2054,2108				6	NM_004958.3	5674	5553	1851	S	agC/agT	MTOR	YES			NP_004949.1	rs2275527	-0.401	G	1	22.86	22.86	A	15.42	7.94	13.09	44.86	23.56	30.59	9500	6503	22.15	44.6	11.14	7.99	16.28	22.82	23.79	20.67	4700	60546	COSM3996746	A	MTOR	thyroid;haematopoietic_and_lymphoid_tissue	other;haematopoietic_neoplasm												google	pubmed	ucsc	
MTOR	G>G/A	1	11190646	synonymous_variant	XM_005263439.1:c.4872C>T	XM_005263439.1:c.4872C>T(p.=)		snv	het	yes	PASS	100	100		50.6	4166	2108	2054,2108				6	XM_005263439.1	5067	4872	1624	S	agC/agT	MTOR				XP_005263496.1	rs2275527	-0.401	G	1	22.86	22.86	A	15.42	7.94	13.09	44.86	23.56	30.59	9500	6503	22.15	44.6	11.14	7.99	16.28	22.82	23.79	20.67	4700	60546	COSM3996746	A	MTOR	thyroid;haematopoietic_and_lymphoid_tissue	other;haematopoietic_neoplasm												google	pubmed	ucsc	
MTOR	G>G/A	1	11190646	intron_variant	XM_005263440.1:c.5002+8940C>T			snv	het	yes	PASS	100	100		50.6	4166	2108	2054,2108				6	XM_005263440.1			0			MTOR				XP_005263497.1	rs2275527	-0.401	G	1	22.86	22.86	A	15.42	7.94	13.09	44.86	23.56	30.59	9500	6503	22.15	44.6	11.14	7.99	16.28	22.82	23.79	20.67	4700	60546	COSM3996746	A	MTOR	thyroid;haematopoietic_and_lymphoid_tissue	other;haematopoietic_neoplasm												google	pubmed	ucsc	
MTOR	G>G/A	1	11190646	intron_variant	XM_005263441.1:c.4031-23800C>T			snv	het	yes	PASS	100	100		50.6	4166	2108	2054,2108				6	XM_005263441.1			0			MTOR				XP_005263498.1	rs2275527	-0.401	G	1	22.86	22.86	A	15.42	7.94	13.09	44.86	23.56	30.59	9500	6503	22.15	44.6	11.14	7.99	16.28	22.82	23.79	20.67	4700	60546	COSM3996746	A	MTOR	thyroid;haematopoietic_and_lymphoid_tissue	other;haematopoietic_neoplasm												google	pubmed	ucsc	
MTOR	G>G/A	1	11190646	synonymous_variant	XM_005263438.1:c.5553C>T	XM_005263438.1:c.5553C>T(p.=)		snv	het	yes	PASS	100	100		50.6	4166	2108	2054,2108				6	XM_005263438.1	5707	5553	1851	S	agC/agT	MTOR				XP_005263495.1	rs2275527	-0.401	G	1	22.86	22.86	A	15.42	7.94	13.09	44.86	23.56	30.59	9500	6503	22.15	44.6	11.14	7.99	16.28	22.82	23.79	20.67	4700	60546	COSM3996746	A	MTOR	thyroid;haematopoietic_and_lymphoid_tissue	other;haematopoietic_neoplasm												google	pubmed	ucsc	
MTOR	G>G/A	1	11190646	non_coding_transcript_exon_variant,non_coding_transcript_variant	XR_244786.1:n.5674C>T			snv	het	yes	PASS	100	100		50.6	4166	2108	2054,2108				6	XR_244786.1	5674		0			MTOR					rs2275527	-0.401	G	1	22.86	22.86	A	15.42	7.94	13.09	44.86	23.56	30.59	9500	6503	22.15	44.6	11.14	7.99	16.28	22.82	23.79	20.67	4700	60546	COSM3996746	A	MTOR	thyroid;haematopoietic_and_lymphoid_tissue	other;haematopoietic_neoplasm												google	pubmed	ucsc	
MTOR,MTOR-AS1	C>C/T	1	11205058	synonymous_variant	NM_004958.3:c.4731G>A	NM_004958.3:c.4731G>A(p.=)		snv	het	yes	PASS	100	100		50	1910	955	954,955				7	NM_004958.3	4852	4731	1577	A	gcG/gcA	MTOR	YES			NP_004949.1	rs1057079	0.078	C	1	54.75	45.25	C	70.17	81.65	62.17	6.35	73.56	54.59	11500	6503	67.79	15.88	73.57	82.03	65.12	72.45	73.21	70.04	13800	60698	COSM4142146	T	MTOR	thyroid;breast	other;carcinoma												google	pubmed	ucsc	
MTOR,MTOR-AS1	C>C/T	1	11205058	synonymous_variant	XM_005263439.1:c.4050G>A	XM_005263439.1:c.4050G>A(p.=)		snv	het	yes	PASS	100	100		50	1910	955	954,955				7	XM_005263439.1	4245	4050	1350	A	gcG/gcA	MTOR				XP_005263496.1	rs1057079	0.078	C	1	54.75	45.25	C	70.17	81.65	62.17	6.35	73.56	54.59	11500	6503	67.79	15.88	73.57	82.03	65.12	72.45	73.21	70.04	13800	60698	COSM4142146	T	MTOR	thyroid;breast	other;carcinoma												google	pubmed	ucsc	
MTOR,MTOR-AS1	C>C/T	1	11205058	synonymous_variant	XM_005263440.1:c.4731G>A	XM_005263440.1:c.4731G>A(p.=)		snv	het	yes	PASS	100	100		50	1910	955	954,955				7	XM_005263440.1	4852	4731	1577	A	gcG/gcA	MTOR				XP_005263497.1	rs1057079	0.078	C	1	54.75	45.25	C	70.17	81.65	62.17	6.35	73.56	54.59	11500	6503	67.79	15.88	73.57	82.03	65.12	72.45	73.21	70.04	13800	60698	COSM4142146	T	MTOR	thyroid;breast	other;carcinoma												google	pubmed	ucsc	
MTOR,MTOR-AS1	C>C/T	1	11205058	intron_variant	XM_005263441.1:c.4031-38212G>A			snv	het	yes	PASS	100	100		50	1910	955	954,955				7	XM_005263441.1			0			MTOR				XP_005263498.1	rs1057079	0.078	C	1	54.75	45.25	C	70.17	81.65	62.17	6.35	73.56	54.59	11500	6503	67.79	15.88	73.57	82.03	65.12	72.45	73.21	70.04	13800	60698	COSM4142146	T	MTOR	thyroid;breast	other;carcinoma												google	pubmed	ucsc	
MTOR,MTOR-AS1	C>C/T	1	11205058	synonymous_variant	XM_005263438.1:c.4731G>A	XM_005263438.1:c.4731G>A(p.=)		snv	het	yes	PASS	100	100		50	1910	955	954,955				7	XM_005263438.1	4885	4731	1577	A	gcG/gcA	MTOR				XP_005263495.1	rs1057079	0.078	C	1	54.75	45.25	C	70.17	81.65	62.17	6.35	73.56	54.59	11500	6503	67.79	15.88	73.57	82.03	65.12	72.45	73.21	70.04	13800	60698	COSM4142146	T	MTOR	thyroid;breast	other;carcinoma												google	pubmed	ucsc	
MTOR,MTOR-AS1	C>C/T	1	11205058	non_coding_transcript_exon_variant,non_coding_transcript_variant	XR_244786.1:n.4852G>A			snv	het	yes	PASS	100	100		50	1910	955	954,955				7	XR_244786.1	4852		0			MTOR					rs1057079	0.078	C	1	54.75	45.25	C	70.17	81.65	62.17	6.35	73.56	54.59	11500	6503	67.79	15.88	73.57	82.03	65.12	72.45	73.21	70.04	13800	60698	COSM4142146	T	MTOR	thyroid;breast	other;carcinoma												google	pubmed	ucsc	
MTOR,MTOR-AS1	C>C/T	1	11205058	intron_variant,non_coding_transcript_variant	NR_046600.1:n.310+115C>T			snv	het	yes	PASS	100	100		50	1910	955	954,955				7	NR_046600.1			0			MTOR-AS1	YES				rs1057079	0.078	C	1	54.75	45.25	C	70.17	81.65	62.17	6.35	73.56	54.59	11500	6503	67.79	15.88	73.57	82.03	65.12	72.45	73.21	70.04	13800	60698	COSM4142146	T	MTOR	thyroid;breast	other;carcinoma												google	pubmed	ucsc	
MTOR	G>G/A	1	11288758	synonymous_variant	NM_004958.3:c.2997C>T	NM_004958.3:c.2997C>T(p.=)		snv	het	yes	PASS	100	100		48.68	3061	1490	1569,1490				6	NM_004958.3	3118	2997	999	N	aaC/aaT	MTOR	YES			NP_004949.1	rs1064261	-0.406	A	1	70.05	29.95	G	81.41	91.86	86.5	33.51	72.36	61.75	9500	6503	74.29	38.42	87.24	91.92	82.84	74.54	73.16	77.31	6300	60658	COSM4142152	A	MTOR	thyroid	other												google	pubmed	ucsc	
MTOR	G>G/A	1	11288758	synonymous_variant	XM_005263439.1:c.2316C>T	XM_005263439.1:c.2316C>T(p.=)		snv	het	yes	PASS	100	100		48.68	3061	1490	1569,1490				6	XM_005263439.1	2511	2316	772	N	aaC/aaT	MTOR				XP_005263496.1	rs1064261	-0.406	A	1	70.05	29.95	G	81.41	91.86	86.5	33.51	72.36	61.75	9500	6503	74.29	38.42	87.24	91.92	82.84	74.54	73.16	77.31	6300	60658	COSM4142152	A	MTOR	thyroid	other												google	pubmed	ucsc	
MTOR	G>G/A	1	11288758	synonymous_variant	XM_005263440.1:c.2997C>T	XM_005263440.1:c.2997C>T(p.=)		snv	het	yes	PASS	100	100		48.68	3061	1490	1569,1490				6	XM_005263440.1	3118	2997	999	N	aaC/aaT	MTOR				XP_005263497.1	rs1064261	-0.406	A	1	70.05	29.95	G	81.41	91.86	86.5	33.51	72.36	61.75	9500	6503	74.29	38.42	87.24	91.92	82.84	74.54	73.16	77.31	6300	60658	COSM4142152	A	MTOR	thyroid	other												google	pubmed	ucsc	
MTOR	G>G/A	1	11288758	synonymous_variant	XM_005263441.1:c.2997C>T	XM_005263441.1:c.2997C>T(p.=)		snv	het	yes	PASS	100	100		48.68	3061	1490	1569,1490				6	XM_005263441.1	3121	2997	999	N	aaC/aaT	MTOR				XP_005263498.1	rs1064261	-0.406	A	1	70.05	29.95	G	81.41	91.86	86.5	33.51	72.36	61.75	9500	6503	74.29	38.42	87.24	91.92	82.84	74.54	73.16	77.31	6300	60658	COSM4142152	A	MTOR	thyroid	other												google	pubmed	ucsc	
MTOR	G>G/A	1	11288758	synonymous_variant	XM_005263438.1:c.2997C>T	XM_005263438.1:c.2997C>T(p.=)		snv	het	yes	PASS	100	100		48.68	3061	1490	1569,1490				6	XM_005263438.1	3151	2997	999	N	aaC/aaT	MTOR				XP_005263495.1	rs1064261	-0.406	A	1	70.05	29.95	G	81.41	91.86	86.5	33.51	72.36	61.75	9500	6503	74.29	38.42	87.24	91.92	82.84	74.54	73.16	77.31	6300	60658	COSM4142152	A	MTOR	thyroid	other												google	pubmed	ucsc	
MTOR	G>G/A	1	11288758	non_coding_transcript_exon_variant,non_coding_transcript_variant	XR_244786.1:n.3118C>T			snv	het	yes	PASS	100	100		48.68	3061	1490	1569,1490				6	XR_244786.1	3118		0			MTOR					rs1064261	-0.406	A	1	70.05	29.95	G	81.41	91.86	86.5	33.51	72.36	61.75	9500	6503	74.29	38.42	87.24	91.92	82.84	74.54	73.16	77.31	6300	60658	COSM4142152	A	MTOR	thyroid	other												google	pubmed	ucsc	
MTOR	A>A/G	1	11301714	synonymous_variant	NM_004958.3:c.1437T>C	NM_004958.3:c.1437T>C(p.=)		snv	het	yes	PASS	100	100		49.98	3009	1504	1504,1504				6	NM_004958.3	1558	1437	479	D	gaT/gaC	MTOR	YES			NP_004949.1	rs1135172	0.008	G	1	63.96	36.04	A	76.22	87.8	78.22	22.39	72.36	58.53	9800	6503	71.7	29.05	80.29	88.11	76.81	74.54	73.13	75.77	10000	60673	COSM4142157	G	MTOR	thyroid	other											ENSR00001577764;ENSR00001577765	google	pubmed	ucsc	
MTOR	A>A/G	1	11301714	synonymous_variant	XM_005263439.1:c.756T>C	XM_005263439.1:c.756T>C(p.=)		snv	het	yes	PASS	100	100		49.98	3009	1504	1504,1504				6	XM_005263439.1	951	756	252	D	gaT/gaC	MTOR				XP_005263496.1	rs1135172	0.008	G	1	63.96	36.04	A	76.22	87.8	78.22	22.39	72.36	58.53	9800	6503	71.7	29.05	80.29	88.11	76.81	74.54	73.13	75.77	10000	60673	COSM4142157	G	MTOR	thyroid	other											ENSR00001577764;ENSR00001577765	google	pubmed	ucsc	
MTOR	A>A/G	1	11301714	synonymous_variant	XM_005263440.1:c.1437T>C	XM_005263440.1:c.1437T>C(p.=)		snv	het	yes	PASS	100	100		49.98	3009	1504	1504,1504				6	XM_005263440.1	1558	1437	479	D	gaT/gaC	MTOR				XP_005263497.1	rs1135172	0.008	G	1	63.96	36.04	A	76.22	87.8	78.22	22.39	72.36	58.53	9800	6503	71.7	29.05	80.29	88.11	76.81	74.54	73.13	75.77	10000	60673	COSM4142157	G	MTOR	thyroid	other											ENSR00001577764;ENSR00001577765	google	pubmed	ucsc	
MTOR	A>A/G	1	11301714	synonymous_variant	XM_005263441.1:c.1437T>C	XM_005263441.1:c.1437T>C(p.=)		snv	het	yes	PASS	100	100		49.98	3009	1504	1504,1504				6	XM_005263441.1	1561	1437	479	D	gaT/gaC	MTOR				XP_005263498.1	rs1135172	0.008	G	1	63.96	36.04	A	76.22	87.8	78.22	22.39	72.36	58.53	9800	6503	71.7	29.05	80.29	88.11	76.81	74.54	73.13	75.77	10000	60673	COSM4142157	G	MTOR	thyroid	other											ENSR00001577764;ENSR00001577765	google	pubmed	ucsc	
MTOR	A>A/G	1	11301714	synonymous_variant	XM_005263438.1:c.1437T>C	XM_005263438.1:c.1437T>C(p.=)		snv	het	yes	PASS	100	100		49.98	3009	1504	1504,1504				6	XM_005263438.1	1591	1437	479	D	gaT/gaC	MTOR				XP_005263495.1	rs1135172	0.008	G	1	63.96	36.04	A	76.22	87.8	78.22	22.39	72.36	58.53	9800	6503	71.7	29.05	80.29	88.11	76.81	74.54	73.13	75.77	10000	60673	COSM4142157	G	MTOR	thyroid	other											ENSR00001577764;ENSR00001577765	google	pubmed	ucsc	
MTOR	A>A/G	1	11301714	non_coding_transcript_exon_variant,non_coding_transcript_variant	XR_244786.1:n.1558T>C			snv	het	yes	PASS	100	100		49.98	3009	1504	1504,1504				6	XR_244786.1	1558		0			MTOR					rs1135172	0.008	G	1	63.96	36.04	A	76.22	87.8	78.22	22.39	72.36	58.53	9800	6503	71.7	29.05	80.29	88.11	76.81	74.54	73.13	75.77	10000	60673	COSM4142157	G	MTOR	thyroid	other											ENSR00001577764;ENSR00001577765	google	pubmed	ucsc	
EPHA2	G>G/A	1	16451767	synonymous_variant	NM_004431.3:c.2874C>T	NM_004431.3:c.2874C>T(p.=)		snv	het	yes	PASS	100	100		47.76	2563	1224	1338,1224				3	NM_004431.3	3029	2874	958	I	atC/atT	EPHA2	YES			NP_004422.2	rs3754334	-0.662	G	1	23.66	23.66	A	31.41	15.48	35.07	11.35	31.61	22.79	5200	6503	27.51	13.05	34.41	14.79	36.45	25.91	28.11	29.26	3900	59555	COSM4142961	A	EPHA2	thyroid	other												google	pubmed	ucsc	
EPHA2	G>G/A	1	16451767	synonymous_variant	XM_005245751.1:c.2841C>T	XM_005245751.1:c.2841C>T(p.=)		snv	het	yes	PASS	100	100		47.76	2563	1224	1338,1224				3	XM_005245751.1	2950	2841	947	I	atC/atT	EPHA2				XP_005245808.1	rs3754334	-0.662	G	1	23.66	23.66	A	31.41	15.48	35.07	11.35	31.61	22.79	5200	6503	27.51	13.05	34.41	14.79	36.45	25.91	28.11	29.26	3900	59555	COSM4142961	A	EPHA2	thyroid	other												google	pubmed	ucsc	
EPHA2	G>G/A	1	16451767	synonymous_variant	XM_005245752.1:c.2712C>T	XM_005245752.1:c.2712C>T(p.=)		snv	het	yes	PASS	100	100		47.76	2563	1224	1338,1224				3	XM_005245752.1	2929	2712	904	I	atC/atT	EPHA2				XP_005245809.1	rs3754334	-0.662	G	1	23.66	23.66	A	31.41	15.48	35.07	11.35	31.61	22.79	5200	6503	27.51	13.05	34.41	14.79	36.45	25.91	28.11	29.26	3900	59555	COSM4142961	A	EPHA2	thyroid	other												google	pubmed	ucsc	
EPHA2	C>C/T	1	16456763	missense_variant	NM_004431.3:c.2627G>A	NP_004422.2:p.Arg876His		snv	het	yes	PASS	100	100		50.13	2380	1193	1186,1193				3	NM_004431.3	2782	2627	876	R/H	cGt/cAt	EPHA2	YES	deleterious (0.03)	possibly damaging (0.793)	NP_004422.2	rs35903225	4.185	C	1	0.78	0.78	T	1.44	0.2	0.1	0.15	2.38	1.95	9500	6503	1.7	0.52	1.49	0.05	0.51	0.94	2.5	1.78	3100	60322																	google	pubmed	ucsc	
EPHA2	C>C/T	1	16456763	missense_variant	XM_005245751.1:c.2594G>A	XP_005245808.1:p.Arg865His		snv	het	yes	PASS	100	100		50.13	2380	1193	1186,1193				3	XM_005245751.1	2703	2594	865	R/H	cGt/cAt	EPHA2				XP_005245808.1	rs35903225	4.185	C	1	0.78	0.78	T	1.44	0.2	0.1	0.15	2.38	1.95	9500	6503	1.7	0.52	1.49	0.05	0.51	0.94	2.5	1.78	3100	60322																	google	pubmed	ucsc	
EPHA2	C>C/T	1	16456763	missense_variant	XM_005245752.1:c.2465G>A	XP_005245809.1:p.Arg822His		snv	het	yes	PASS	100	100		50.13	2380	1193	1186,1193				3	XM_005245752.1	2682	2465	822	R/H	cGt/cAt	EPHA2				XP_005245809.1	rs35903225	4.185	C	1	0.78	0.78	T	1.44	0.2	0.1	0.15	2.38	1.95	9500	6503	1.7	0.52	1.49	0.05	0.51	0.94	2.5	1.78	3100	60322																	google	pubmed	ucsc	
EPHA2	G>G/A	1	16459745	synonymous_variant	NM_004431.3:c.1983C>T	NM_004431.3:c.1983C>T(p.=)		snv	het	yes	PASS	100	100		48.15	3051	1469	1582,1469				3	NM_004431.3	2138	1983	661	L	ctC/ctT	EPHA2	YES			NP_004422.2	rs10907223	0.234	g	1	19.27	19.27	A	7.92	10.71	11.55	48.49	4.77	16.13	8200	6503	9.18	41.41	8.03	11.65	10.27	5.25	4.18	6.39	4100	60651	COSM4142963	A	EPHA2	thyroid	other												google	pubmed	ucsc	
EPHA2	G>G/A	1	16459745	synonymous_variant	XM_005245751.1:c.1950C>T	XM_005245751.1:c.1950C>T(p.=)		snv	het	yes	PASS	100	100		48.15	3051	1469	1582,1469				3	XM_005245751.1	2059	1950	650	L	ctC/ctT	EPHA2				XP_005245808.1	rs10907223	0.234	g	1	19.27	19.27	A	7.92	10.71	11.55	48.49	4.77	16.13	8200	6503	9.18	41.41	8.03	11.65	10.27	5.25	4.18	6.39	4100	60651	COSM4142963	A	EPHA2	thyroid	other												google	pubmed	ucsc	
EPHA2	G>G/A	1	16459745	synonymous_variant	XM_005245752.1:c.1821C>T	XM_005245752.1:c.1821C>T(p.=)		snv	het	yes	PASS	100	100		48.15	3051	1469	1582,1469				3	XM_005245752.1	2038	1821	607	L	ctC/ctT	EPHA2				XP_005245809.1	rs10907223	0.234	g	1	19.27	19.27	A	7.92	10.71	11.55	48.49	4.77	16.13	8200	6503	9.18	41.41	8.03	11.65	10.27	5.25	4.18	6.39	4100	60651	COSM4142963	A	EPHA2	thyroid	other												google	pubmed	ucsc	
EPHA2	G>G/A	1	16460339	intron_variant	NM_004431.3:c.1738+16C>T			snv	het	yes	PASS	100	100		46.74	1889	883	1006,883				3	NM_004431.3			0			EPHA2	YES			NP_004422.2	rs6669624	-3.217	g	1	23.04	23.04	A	10.95	11.51	12.99	57.71	7.16	18.52	3700	5618	17.21	51.81	10.99	11.79	14.67	7.89	6.99	8.9	4400	8096	COSN15656310	A	EPHA2														google	pubmed	ucsc	
EPHA2	G>G/A	1	16460339	intron_variant	XM_005245751.1:c.1705+16C>T			snv	het	yes	PASS	100	100		46.74	1889	883	1006,883				3	XM_005245751.1			0			EPHA2				XP_005245808.1	rs6669624	-3.217	g	1	23.04	23.04	A	10.95	11.51	12.99	57.71	7.16	18.52	3700	5618	17.21	51.81	10.99	11.79	14.67	7.89	6.99	8.9	4400	8096	COSN15656310	A	EPHA2														google	pubmed	ucsc	
EPHA2	G>G/A	1	16460339	intron_variant	XM_005245752.1:c.1576+16C>T			snv	het	yes	PASS	100	100		46.74	1889	883	1006,883				3	XM_005245752.1			0			EPHA2				XP_005245809.1	rs6669624	-3.217	g	1	23.04	23.04	A	10.95	11.51	12.99	57.71	7.16	18.52	3700	5618	17.21	51.81	10.99	11.79	14.67	7.89	6.99	8.9	4400	8096	COSN15656310	A	EPHA2														google	pubmed	ucsc	
EPHA2	G>G/A	1	16464673	synonymous_variant	NM_004431.3:c.987C>T	NM_004431.3:c.987C>T(p.=)		snv	het	yes	PASS	100	100		51.21	2142	1097	1045,1097				3	NM_004431.3	1142	987	329	P	ccC/ccT	EPHA2	YES			NP_004422.2	rs2230597	0.126	G	1	34.94	34.94	A	42.94	14.58	44.17	33.96	42.15	38.88	2100	6501	37.87	36.21	35.09	12.18	46.07	34.16	40.22	38.55	3100	57919	COSM3749009	A	EPHA2	breast	carcinoma												google	pubmed	ucsc	
EPHA2	G>G/A	1	16464673	synonymous_variant	XM_005245751.1:c.954C>T	XM_005245751.1:c.954C>T(p.=)		snv	het	yes	PASS	100	100		51.21	2142	1097	1045,1097				3	XM_005245751.1	1063	954	318	P	ccC/ccT	EPHA2				XP_005245808.1	rs2230597	0.126	G	1	34.94	34.94	A	42.94	14.58	44.17	33.96	42.15	38.88	2100	6501	37.87	36.21	35.09	12.18	46.07	34.16	40.22	38.55	3100	57919	COSM3749009	A	EPHA2	breast	carcinoma												google	pubmed	ucsc	
EPHA2	G>G/A	1	16464673	synonymous_variant	XM_005245752.1:c.825C>T	XM_005245752.1:c.825C>T(p.=)		snv	het	yes	PASS	100	100		51.21	2142	1097	1045,1097				3	XM_005245752.1	1042	825	275	P	ccC/ccT	EPHA2				XP_005245809.1	rs2230597	0.126	G	1	34.94	34.94	A	42.94	14.58	44.17	33.96	42.15	38.88	2100	6501	37.87	36.21	35.09	12.18	46.07	34.16	40.22	38.55	3100	57919	COSM3749009	A	EPHA2	breast	carcinoma												google	pubmed	ucsc	
EPHA2	GAA>GAA/G	1	16479625	intron_variant	NM_004431.3:c.86-2169_86-2168delTT			deletion	het	no	R8	100	100		5.04	1509	76	1433,76				4	NM_004431.3			0			EPHA2	YES			NP_004422.2	rs79857224			1	0	36.16	G	0	0	0	0	0	0	0	0	0	0	0	0	0	0	0	0	0	0																ENSR00000163603	google	pubmed	ucsc	
EPHA2	GAA>GAA/G	1	16479625	intron_variant	XM_005245751.1:c.52+21_52+22delTT			deletion	het	no	R8	100	100		5.04	1509	76	1433,76				4	XM_005245751.1			0			EPHA2				XP_005245808.1	rs79857224			1	0	36.16	G	0	0	0	0	0	0	0	0	0	0	0	0	0	0	0	0	0	0																ENSR00000163603	google	pubmed	ucsc	
EPHA2	GAA>GAA/G	1	16479625	intron_variant	XM_005245752.1:c.-10+2716_-10+2717delTT			deletion	het	no	R8	100	100		5.04	1509	76	1433,76				4	XM_005245752.1			0			EPHA2				XP_005245809.1	rs79857224			1	0	36.16	G	0	0	0	0	0	0	0	0	0	0	0	0	0	0	0	0	0	0																ENSR00000163603	google	pubmed	ucsc	
EPHA2	GAA>GAA/G	1	16479625	upstream_gene_variant				deletion	het	no	R8	100	100		5.04	1509	76	1433,76				4	XR_241209.1			0			LOC101927479					rs79857224			1	0	36.16	G	0	0	0	0	0	0	0	0	0	0	0	0	0	0	0	0	0	0																ENSR00000163603	google	pubmed	ucsc	
EPHA2	GA>GA/G	1	16479625	intron_variant	NM_004431.3:c.86-2168delT			deletion	het	no	R8	100	100		51.54	1459	752	707,752				4	NM_004431.3			0			EPHA2	YES			NP_004422.2	rs35737869;rs398073800;rs796534428			1	70.49	36.16	G	71.47	79.86	72.9	54.61	78.93	0	0	0	0	0	0	0	0	0	0	0	0	0																ENSR00000163603	google	pubmed	ucsc	
EPHA2	GA>GA/G	1	16479625	intron_variant	XM_005245751.1:c.52+22delT			deletion	het	no	R8	100	100		51.54	1459	752	707,752				4	XM_005245751.1			0			EPHA2				XP_005245808.1	rs35737869;rs398073800;rs796534428			1	70.49	36.16	G	71.47	79.86	72.9	54.61	78.93	0	0	0	0	0	0	0	0	0	0	0	0	0																ENSR00000163603	google	pubmed	ucsc	
EPHA2	GA>GA/G	1	16479625	intron_variant	XM_005245752.1:c.-10+2717delT			deletion	het	no	R8	100	100		51.54	1459	752	707,752				4	XM_005245752.1			0			EPHA2				XP_005245809.1	rs35737869;rs398073800;rs796534428			1	70.49	36.16	G	71.47	79.86	72.9	54.61	78.93	0	0	0	0	0	0	0	0	0	0	0	0	0																ENSR00000163603	google	pubmed	ucsc	
EPHA2	GA>GA/G	1	16479625	upstream_gene_variant				deletion	het	no	R8	100	100		51.54	1459	752	707,752				4	XR_241209.1			0			LOC101927479					rs35737869;rs398073800;rs796534428			1	70.49	36.16	G	71.47	79.86	72.9	54.61	78.93	0	0	0	0	0	0	0	0	0	0	0	0	0																ENSR00000163603	google	pubmed	ucsc	
EPHA2	G>G/A	1	16479625	intron_variant	NM_004431.3:c.86-2167C>T			snv	het	no	PASS	36	36		2.06	1456	30	1423,30				4	NM_004431.3			0			EPHA2	YES			NP_004422.2		-1.779		1	0	0		0	0	0	0	0	0	0	0	0	0	0	0	0	0	0	0	0	0																ENSR00000163603	google	pubmed	ucsc	
EPHA2	G>G/A	1	16479625	intron_variant	XM_005245751.1:c.52+23C>T			snv	het	no	PASS	36	36		2.06	1456	30	1423,30				4	XM_005245751.1			0			EPHA2				XP_005245808.1		-1.779		1	0	0		0	0	0	0	0	0	0	0	0	0	0	0	0	0	0	0	0	0																ENSR00000163603	google	pubmed	ucsc	
EPHA2	G>G/A	1	16479625	intron_variant	XM_005245752.1:c.-10+2718C>T			snv	het	no	PASS	36	36		2.06	1456	30	1423,30				4	XM_005245752.1			0			EPHA2				XP_005245809.1		-1.779		1	0	0		0	0	0	0	0	0	0	0	0	0	0	0	0	0	0	0	0	0																ENSR00000163603	google	pubmed	ucsc	
EPHA2	G>G/A	1	16479625	upstream_gene_variant				snv	het	no	PASS	36	36		2.06	1456	30	1423,30				4	XR_241209.1			0			LOC101927479						-1.779		1	0	0		0	0	0	0	0	0	0	0	0	0	0	0	0	0	0	0	0	0																ENSR00000163603	google	pubmed	ucsc	
DDR2	G>G/T	1	162743418	intron_variant	NM_006182.2:c.1856+32G>T			snv	het	no	PASS	100	100		99.72	1423	1419	0,1419				6	NM_006182.2			0			DDR2	YES			NP_006173.2	rs1355287	-0.208	T	1	99.24	0.76	G	99.86	100	100	97.2	100	99.48	5600	6503	99.86	98.44	99.96	100	99.96	100	100	100	5900	60660																	google	pubmed	ucsc	
DDR2	G>G/T	1	162743418	intron_variant	NM_001014796.1:c.1856+32G>T			snv	het	no	PASS	100	100		99.72	1423	1419	0,1419				6	NM_001014796.1			0			DDR2				NP_001014796.1	rs1355287	-0.208	T	1	99.24	0.76	G	99.86	100	100	97.2	100	99.48	5600	6503	99.86	98.44	99.96	100	99.96	100	100	100	5900	60660																	google	pubmed	ucsc	
DDR2	G>G/T	1	162743418	intron_variant	XM_005245222.1:c.1856+32G>T			snv	het	no	PASS	100	100		99.72	1423	1419	0,1419				6	XM_005245222.1			0			DDR2				XP_005245279.1	rs1355287	-0.208	T	1	99.24	0.76	G	99.86	100	100	97.2	100	99.48	5600	6503	99.86	98.44	99.96	100	99.96	100	100	100	5900	60660																	google	pubmed	ucsc	
DDR2	G>G/T	1	162743418	intron_variant	XM_005245221.1:c.1892+32G>T			snv	het	no	PASS	100	100		99.72	1423	1419	0,1419				6	XM_005245221.1			0			DDR2				XP_005245278.1	rs1355287	-0.208	T	1	99.24	0.76	G	99.86	100	100	97.2	100	99.48	5600	6503	99.86	98.44	99.96	100	99.96	100	100	100	5900	60660																	google	pubmed	ucsc	
DDR2	G>G/T	1	162743418	intron_variant	XM_005245223.1:c.1784+32G>T			snv	het	no	PASS	100	100		99.72	1423	1419	0,1419				6	XM_005245223.1			0			DDR2				XP_005245280.1	rs1355287	-0.208	T	1	99.24	0.76	G	99.86	100	100	97.2	100	99.48	5600	6503	99.86	98.44	99.96	100	99.96	100	100	100	5900	60660																	google	pubmed	ucsc	
DDR2	G>G/T	1	162743418	intron_variant	XM_005245220.1:c.1901+32G>T			snv	het	no	PASS	100	100		99.72	1423	1419	0,1419				6	XM_005245220.1			0			DDR2				XP_005245277.1	rs1355287	-0.208	T	1	99.24	0.76	G	99.86	100	100	97.2	100	99.48	5600	6503	99.86	98.44	99.96	100	99.96	100	100	100	5900	60660																	google	pubmed	ucsc	
DDR2	TTC>TTC/T	1	162749855	intron_variant	NM_006182.2:c.2434-31_2434-30delCT			deletion	het	no	PASS	100	100		6.03	1459	88	1371,88				6	NM_006182.2			0			DDR2	YES			NP_006173.2	rs745385978			1	0	0		0	0	0	0	0	0	0	0	0	0	0	0	0	0	0	0	0	0																	google	pubmed	ucsc	
DDR2	TTC>TTC/T	1	162749855	intron_variant	NM_001014796.1:c.2434-31_2434-30delCT			deletion	het	no	PASS	100	100		6.03	1459	88	1371,88				6	NM_001014796.1			0			DDR2				NP_001014796.1	rs745385978			1	0	0		0	0	0	0	0	0	0	0	0	0	0	0	0	0	0	0	0	0																	google	pubmed	ucsc	
DDR2	TTC>TTC/T	1	162749855	intron_variant	XM_005245222.1:c.2434-31_2434-30delCT			deletion	het	no	PASS	100	100		6.03	1459	88	1371,88				6	XM_005245222.1			0			DDR2				XP_005245279.1	rs745385978			1	0	0		0	0	0	0	0	0	0	0	0	0	0	0	0	0	0	0	0	0																	google	pubmed	ucsc	
DDR2	TTC>TTC/T	1	162749855	intron_variant	XM_005245221.1:c.2470-31_2470-30delCT			deletion	het	no	PASS	100	100		6.03	1459	88	1371,88				6	XM_005245221.1			0			DDR2				XP_005245278.1	rs745385978			1	0	0		0	0	0	0	0	0	0	0	0	0	0	0	0	0	0	0	0	0																	google	pubmed	ucsc	
DDR2	TTC>TTC/T	1	162749855	intron_variant	XM_005245223.1:c.2362-31_2362-30delCT			deletion	het	no	PASS	100	100		6.03	1459	88	1371,88				6	XM_005245223.1			0			DDR2				XP_005245280.1	rs745385978			1	0	0		0	0	0	0	0	0	0	0	0	0	0	0	0	0	0	0	0	0																	google	pubmed	ucsc	
DDR2	TTC>TTC/T	1	162749855	intron_variant	XM_005245220.1:c.2479-31_2479-30delCT			deletion	het	no	PASS	100	100		6.03	1459	88	1371,88				6	XM_005245220.1			0			DDR2				XP_005245277.1	rs745385978			1	0	0		0	0	0	0	0	0	0	0	0	0	0	0	0	0	0	0	0	0																	google	pubmed	ucsc	
ALK	G>G/C	2	29416366	missense_variant	NM_004304.4:c.4587C>G	NP_004295.2:p.Asp1529Glu		snv	het	yes	PASS	100	100		50.26	4881	2453	2424,2453				1	NM_004304.4	5539	4587	1529	D/E	gaC/gaG	ALK	YES	tolerated (1)	benign (0)	NP_004295.2	rs1881421	-0.064	C	1	57.29	42.71	G	57.06	72.92	51.33	64.3	38.37	43.35	19100	6503	46	62.34	67.17	74.65	46.7	48.37	35.76	39.32	20900	60680	COSM3758201:COSM5653840	C;N	ALK;ALK_ENST00000431873	haematopoietic_and_lymphoid_tissue;haematopoietic_and_lymphoid_tissue	lymphoid_neoplasm;lymphoid_neoplasm	RCV000119980.1	C	germline			CN169374						google	pubmed	ucsc	
ALK	T>T/C	2	29416572	missense_variant	NM_004304.4:c.4381A>G	NP_004295.2:p.Ile1461Val		snv	het	yes	PASS	100	100		99.91	4463	4459	0,4459				1	NM_004304.4	5333	4381	1461	I/V	Atc/Gtc	ALK	YES	tolerated (0.71)	benign (0)	NP_004295.2	rs1670283	-0.19	C	1	99.22	0.78	T	100	100	99.9	97.13	100	99.03	8700	6503	99.72	97.01	99.9	100	100	100	99.97	99.89	13900	60637						RCV000119976.1	C	germline			CN169374						google	pubmed	ucsc	
ALK	G>G/A	2	29416615	synonymous_variant	NM_004304.4:c.4338C>T	NM_004304.4:c.4338C>T(p.=)		snv	het	yes	PASS	100	100		48.36	4781	2312	2466,2312				1	NM_004304.4	5290	4338	1446	T	acC/acT	ALK	YES			NP_004295.2	rs56132472	0.543	G	1	5.91	5.91	A	6.48	0.1	2.35	7.79	12.32	10.33	7800	6503	9.36	8.99	5.01	0.05	4.17	16.37	11.78	8.35	5100	58561	COSM5019786	A	ALK	soft_tissue	haemangioblastoma												google	pubmed	ucsc	
ALK	G>G/A	2	29416794	splice_region_variant,intron_variant	NM_004304.4:c.4165-6C>T			snv	het	yes	PASS	100	100		47.1	2588	1219	1369,1219				1	NM_004304.4			0			ALK	YES			NP_004295.2	rs17007646	0.9	G	1	16.09	16.09	A	12.1	0.1	2.96	40.7	15.31	20.25	2900	6429	13.11	37.87	6.97	0.06	4.1	19.33	13.87	11.21	3400	58244	COSM5020048	A	ALK	soft_tissue	haemangioblastoma												google	pubmed	ucsc	
ALK	G>G/A	2	29446202	splice_region_variant,intron_variant	NM_004304.4:c.3359+6C>T			snv	het	yes	PASS	100	100		47.12	2795	1317	1478,1317				1	NM_004304.4			0			ALK	YES			NP_004295.2	rs4622670	-0.146	G	1	17.65	17.65	A	22.19	5.36	31.59	0.98	35.19	26.63	7600	6503	28.96	5.71	15.95	3.61	35.46	35.68	35.77	34.96	4400	60535																ENSR00000587415	google	pubmed	ucsc	
ALK	C>C/T	2	29449819	synonymous_variant	NM_004304.4:c.3036G>A	NM_004304.4:c.3036G>A(p.=)		snv	het	yes	PASS	100	100		48.52	2762	1340	1422,1340				1	NM_004304.4	3988	3036	1012	T	acG/acA	ALK	YES			NP_004295.2	rs2293563	-3.761	C	1	16.99	16.99	T	14.7	11.9	13.7	22.77	19.28	18.96	18700	6503	15.91	21.13	10.07	11.97	14.15	11.84	17.42	18.61	9000	60680	COSM148824	T	ALK	stomach;soft_tissue;haematopoietic_and_lymphoid_tissue	carcinoma;haemangioblastoma;haematopoietic_neoplasm												google	pubmed	ucsc	
ALK	T>T/C	2	29451790	synonymous_variant	NM_004304.4:c.2775A>G	NM_004304.4:c.2775A>G(p.=)		snv	het	yes	SB	100	100		11.03	916	101	810,101				1	NM_004304.4	3727	2775	925	G	ggA/ggG	ALK	YES			NP_004295.2	rs777406442	-0.395		1	0	0		0	0	0	0	0	0	0	0	0.08	0.13	0.01	0.04	0.38	0	0.03	0.11	3000	58544																	google	pubmed	ucsc	
ALK	A>A/C	2	29451793	synonymous_variant	NM_004304.4:c.2772T>G	NM_004304.4:c.2772T>G(p.=)		snv	het	yes	SB	100	100		10.11	930	94	833,94				1	NM_004304.4	3724	2772	924	G	ggT/ggG	ALK	YES			NP_004295.2	rs749286400	0.993		1	0	0		0	0	0	0	0	0	0	0	0.14	0.19	0.04	0.05	0.66	0	0.07	0.12	3100	57347						RCV000230565.1	C	germline	benign	Neuroblastoma_3	C2751681	613014					google	pubmed	ucsc	
ALK	T>T/C	2	29451799	synonymous_variant	NM_004304.4:c.2766A>G	NM_004304.4:c.2766A>G(p.=)		snv	het	yes	SB	100	100		8.65	936	81	851,81				1	NM_004304.4	3718	2766	922	G	ggA/ggG	ALK	YES			NP_004295.2	rs778543123	2.059		1	0	0		0	0	0	0	0	0	0	0	0.04	0.04	0.01	0.02	0.19	0	0.01	0.12	3200	56247	COSM4133808	C	ALK	thyroid;prostate	other;carcinoma												google	pubmed	ucsc	
ALK	G>G/C	2	29451802	missense_variant	NM_004304.4:c.2763C>G	NP_004295.2:p.Phe921Leu		snv	het	yes	SB	100	100		5.74	1046	60	975,60				1	NM_004304.4	3715	2763	921	F/L	ttC/ttG	ALK	YES	deleterious (0.02)	probably damaging (0.998)	NP_004295.2	rs201042802	3.908		1	0	0.04	A	0	0	0	0	0	0	0	0	0	0	0	0	0.03	0	0	0	3000	58167	COSM5335304	A	ALK	lung	carcinoma												google	pubmed	ucsc	
ALK	A>A/C	2	29451803	missense_variant	NM_004304.4:c.2762T>G	NP_004295.2:p.Phe921Cys		snv	het	yes	SB;LowGQ	20	20		1.85	1026	19	1002,19				1	NM_004304.4	3714	2762	921	F/C	tTc/tGc	ALK	YES	deleterious (0)	probably damaging (1)	NP_004295.2		4.579		1	0	0		0	0	0	0	0	0	0	0	0	0	0	0	0	0	0	0	0	0																	google	pubmed	ucsc	
ALK	T>T/C	2	29451811	synonymous_variant	NM_004304.4:c.2754A>G	NM_004304.4:c.2754A>G(p.=)		snv	het	yes	SB	100	100		5.57	1059	59	999,59				1	NM_004304.4	3706	2754	918	R	agA/agG	ALK	YES			NP_004295.2	rs770236199	1.933		1	0	0		0	0	0	0	0	0	0	0	0	0	0	0	0	0	0	0	2900	59627																	google	pubmed	ucsc	
ALK	G>G/T	2	29451815	missense_variant	NM_004304.4:c.2750C>A	NP_004295.2:p.Thr917Lys		snv	het	yes	SB	31	31		2.09	1147	24	1116,24				1	NM_004304.4	3702	2750	917	T/K	aCa/aAa	ALK	YES	deleterious (0.03)	probably damaging (0.993)	NP_004295.2		5.598		1	0	0		0	0	0	0	0	0	0	0	0	0	0	0	0	0	0	0	0	0						RCV000227803.1	A	germline	uncertain significance	Neuroblastoma_3	C2751681	613014					google	pubmed	ucsc	
ALK	A>A/C	2	29451822	missense_variant	NM_004304.4:c.2743T>G	NP_004295.2:p.Trp915Gly		snv	het	yes	SB	39	39		2.27	1192	27	1163,27				1	NM_004304.4	3695	2743	915	W/G	Tgg/Ggg	ALK	YES	deleterious (0)	probably damaging (1)	NP_004295.2	rs868621829	4.637		1	0	0		0	0	0	0	0	0	0	0	0	0	0	0	0	0	0	0	0	0																	google	pubmed	ucsc	
ALK	A>A/C	2	29451828	missense_variant	NM_004304.4:c.2737T>G	NP_004295.2:p.Trp913Gly		snv	het	yes	SB;LowGQ	28	28		1.96	1274	25	1249,25				1	NM_004304.4	3689	2737	913	W/G	Tgg/Ggg	ALK	YES	tolerated (0.09)	probably damaging (1)	NP_004295.2		3.098		1	0	0		0	0	0	0	0	0	0	0	0	0	0	0	0	0	0	0	0	0																	google	pubmed	ucsc	
ALK	A>A/G	2	29455267	synonymous_variant	NM_004304.4:c.2535T>C	NM_004304.4:c.2535T>C(p.=)		snv	het	yes	PASS	100	100		99.88	2574	2571	2,2571				1	NM_004304.4	3487	2535	845	G	ggT/ggC	ALK	YES			NP_004295.2	rs2256740	-0.922	G	1	50	50	G	54.75	17.46	52.45	53.4	72.47	66.14	6900	6503	61.21	54.13	43.65	17.47	58.48	66.28	71.08	69.16	7100	60655	COSM148825	G	ALK	stomach;bone;soft_tissue	carcinoma;osteosarcoma;haemangioblastoma												google	pubmed	ucsc	
ALK	T>T/C	2	29543663	synonymous_variant	NM_004304.4:c.1500A>G	NM_004304.4:c.1500A>G(p.=)		snv	het	yes	PASS	100	100		49.26	3798	1871	1925,1871				3	NM_004304.4	2452	1500	500	Q	caA/caG	ALK	YES			NP_004295.2	rs2293564	0.058	t	1	77.65	22.34	T	88.47	92.06	86.4	43.34	92.34	79.09	16600	6503	87.16	51.29	88.79	90.81	86.28	91.87	91.7	91.3	17200	60701	COSM4133810	C	ALK	thyroid	other												google	pubmed	ucsc	
ALK	T>T/C	2	29543663	intron_variant,non_coding_transcript_variant	XR_244978.1:n.178-682T>C			snv	het	yes	PASS	100	100		49.26	3798	1871	1925,1871				3	XR_244978.1			0			LOC101929386					rs2293564	0.058	t	1	77.65	22.34	T	88.47	92.06	86.4	43.34	92.34	79.09	16600	6503	87.16	51.29	88.79	90.81	86.28	91.87	91.7	91.3	17200	60701	COSM4133810	C	ALK	thyroid	other												google	pubmed	ucsc	
ALK	T>T/C	2	29543663	intron_variant,non_coding_transcript_variant	XR_244977.1:n.177+824T>C			snv	het	yes	PASS	100	100		49.26	3798	1871	1925,1871				3	XR_244977.1			0			LOC101929386					rs2293564	0.058	t	1	77.65	22.34	T	88.47	92.06	86.4	43.34	92.34	79.09	16600	6503	87.16	51.29	88.79	90.81	86.28	91.87	91.7	91.3	17200	60701	COSM4133810	C	ALK	thyroid	other												google	pubmed	ucsc	
ALK	A>A/T	2	29940529	synonymous_variant	NM_004304.4:c.702T>A	NM_004304.4:c.702T>A(p.=)		snv	het	yes	PASS	100	100		48.99	1833	898	934,898				1	NM_004304.4	1654	702	234	P	ccT/ccA	ALK	YES			NP_004295.2	rs2246745	0.673	A	1	58.92	41.07	A	69.02	78.27	70.24	15.13	79.12	62.7	15000	6503	73.35	24.22	72.38	76.03	71.53	74.49	81.11	77.53	12200	60696	COSM4416269	T	ALK	haematopoietic_and_lymphoid_tissue	haematopoietic_neoplasm	RCV000226929.1	C	germline	likely benign	Neuroblastoma_3	C2751681	613014					google	pubmed	ucsc	
ALK	G>G/C	2	30143499	synonymous_variant	NM_004304.4:c.27C>G	NM_004304.4:c.27C>G(p.=)		snv	het	yes	PASS	100	100		99.77	2182	2177	1,2177				1	NM_004304.4	979	27	9	L	ctC/ctG	ALK	YES			NP_004295.2	rs4358080	0.508	C	1	89.38	10.62	G	93.8	99.8	89.16	80.03	88.37	90.93	400	4900	89.49	83.46	95.11	100	87.64	89.06	90.23	91.15	4400	11285																ENSR00000587481	google	pubmed	ucsc	
MSH2	C>C/G	2	47630550	intron_variant	NM_000251.2:c.211+9C>G			snv	het	yes	PASS	100	100		49.38	2187	1080	1107,1080				4	NM_000251.2			0			MSH2	YES			NP_000242.1	rs2303426	-1.26	G	1	62.84	37.16	C	50.43	81.45	48.06	81.01	43.24	47.59	800	6342	50.47	76.59	49.85	80.49	48.65	62.17	42.44	46.77	2500	40081						RCV000230066.1:RCV000030249.3:RCV000035360.8:RCV000144620.1	A:G	germline	likely benign:benign	Lynch_syndrome:Lynch_syndrome_I	C1333990:C1333990:CN169374:C2936783	120435	ORPHA144:ORPHA144		315058005:315058005	ENSR00000301051	google	pubmed	ucsc	
MSH2	C>C/G	2	47630550	intron_variant	NM_001258281.1:c.13+9C>G			snv	het	yes	PASS	100	100		49.38	2187	1080	1107,1080				4	NM_001258281.1			0			MSH2				NP_001245210.1	rs2303426	-1.26	G	1	62.84	37.16	C	50.43	81.45	48.06	81.01	43.24	47.59	800	6342	50.47	76.59	49.85	80.49	48.65	62.17	42.44	46.77	2500	40081						RCV000230066.1:RCV000030249.3:RCV000035360.8:RCV000144620.1	A:G	germline	likely benign:benign	Lynch_syndrome:Lynch_syndrome_I	C1333990:C1333990:CN169374:C2936783	120435	ORPHA144:ORPHA144		315058005:315058005	ENSR00000301051	google	pubmed	ucsc	
MSH2	C>C/G	2	47630550	intron_variant	XM_005264333.1:c.211+9C>G			snv	het	yes	PASS	100	100		49.38	2187	1080	1107,1080				4	XM_005264333.1			0			MSH2				XP_005264390.1	rs2303426	-1.26	G	1	62.84	37.16	C	50.43	81.45	48.06	81.01	43.24	47.59	800	6342	50.47	76.59	49.85	80.49	48.65	62.17	42.44	46.77	2500	40081						RCV000230066.1:RCV000030249.3:RCV000035360.8:RCV000144620.1	A:G	germline	likely benign:benign	Lynch_syndrome:Lynch_syndrome_I	C1333990:C1333990:CN169374:C2936783	120435	ORPHA144:ORPHA144		315058005:315058005	ENSR00000301051	google	pubmed	ucsc	
MSH2	C>C/G	2	47630550	intron_variant	XM_005264332.1:c.211+9C>G			snv	het	yes	PASS	100	100		49.38	2187	1080	1107,1080				4	XM_005264332.1			0			MSH2				XP_005264389.1	rs2303426	-1.26	G	1	62.84	37.16	C	50.43	81.45	48.06	81.01	43.24	47.59	800	6342	50.47	76.59	49.85	80.49	48.65	62.17	42.44	46.77	2500	40081						RCV000230066.1:RCV000030249.3:RCV000035360.8:RCV000144620.1	A:G	germline	likely benign:benign	Lynch_syndrome:Lynch_syndrome_I	C1333990:C1333990:CN169374:C2936783	120435	ORPHA144:ORPHA144		315058005:315058005	ENSR00000301051	google	pubmed	ucsc	
MSH2	CTT>CTT/C	2	47635523	intron_variant	NM_000251.2:c.212-5_212-4delTT			deletion	het	yes	R8	100	100		5.83	463	27	436,27				4	NM_000251.2			0			MSH2	YES			NP_000242.1	rs746333570			1	0	0		0	0	0	0	0	0.29	4900	6256	0	0	0	0	0	0	0	0	0	0	COSN20045889:COSN19663070	-;T	MSH2;MSH2			RCV000168723.1:RCV000162526.1	-	germline	uncertain significance:likely benign	Hereditary_cancer-predisposing_syndrome	CN169374:C0027672				699346009		google	pubmed	ucsc	
MSH2	CTT>CTT/C	2	47635523	intron_variant	NM_001258281.1:c.14-5_14-4delTT			deletion	het	yes	R8	100	100		5.83	463	27	436,27				4	NM_001258281.1			0			MSH2				NP_001245210.1	rs746333570			1	0	0		0	0	0	0	0	0.29	4900	6256	0	0	0	0	0	0	0	0	0	0	COSN20045889:COSN19663070	-;T	MSH2;MSH2			RCV000168723.1:RCV000162526.1	-	germline	uncertain significance:likely benign	Hereditary_cancer-predisposing_syndrome	CN169374:C0027672				699346009		google	pubmed	ucsc	
MSH2	CTT>CTT/C	2	47635523	intron_variant	XM_005264333.1:c.212-5_212-4delTT			deletion	het	yes	R8	100	100		5.83	463	27	436,27				4	XM_005264333.1			0			MSH2				XP_005264390.1	rs746333570			1	0	0		0	0	0	0	0	0.29	4900	6256	0	0	0	0	0	0	0	0	0	0	COSN20045889:COSN19663070	-;T	MSH2;MSH2			RCV000168723.1:RCV000162526.1	-	germline	uncertain significance:likely benign	Hereditary_cancer-predisposing_syndrome	CN169374:C0027672				699346009		google	pubmed	ucsc	
MSH2	CTT>CTT/C	2	47635523	intron_variant	XM_005264332.1:c.212-5_212-4delTT			deletion	het	yes	R8	100	100		5.83	463	27	436,27				4	XM_005264332.1			0			MSH2				XP_005264389.1	rs746333570			1	0	0		0	0	0	0	0	0.29	4900	6256	0	0	0	0	0	0	0	0	0	0	COSN20045889:COSN19663070	-;T	MSH2;MSH2			RCV000168723.1:RCV000162526.1	-	germline	uncertain significance:likely benign	Hereditary_cancer-predisposing_syndrome	CN169374:C0027672				699346009		google	pubmed	ucsc	
MSH2	CT>CT/C	2	47635523	intron_variant	NM_000251.2:c.212-4delT			deletion	het	yes	R8	100	100		15.73	445	70	375,70				4	NM_000251.2			0			MSH2	YES			NP_000242.1	rs201372136;rs786201069			1	0	0		0	0	0	0	0	0	0	0	0	0	0	0	0	0	0	0	0	0	COSN20045889:COSN19663070	-;T	MSH2;MSH2			RCV000168723.1:RCV000162526.1	-	germline	uncertain significance:likely benign	Hereditary_cancer-predisposing_syndrome	CN169374:C0027672				699346009		google	pubmed	ucsc	
MSH2	CT>CT/C	2	47635523	intron_variant	NM_001258281.1:c.14-4delT			deletion	het	yes	R8	100	100		15.73	445	70	375,70				4	NM_001258281.1			0			MSH2				NP_001245210.1	rs201372136;rs786201069			1	0	0		0	0	0	0	0	0	0	0	0	0	0	0	0	0	0	0	0	0	COSN20045889:COSN19663070	-;T	MSH2;MSH2			RCV000168723.1:RCV000162526.1	-	germline	uncertain significance:likely benign	Hereditary_cancer-predisposing_syndrome	CN169374:C0027672				699346009		google	pubmed	ucsc	
MSH2	CT>CT/C	2	47635523	intron_variant	XM_005264333.1:c.212-4delT			deletion	het	yes	R8	100	100		15.73	445	70	375,70				4	XM_005264333.1			0			MSH2				XP_005264390.1	rs201372136;rs786201069			1	0	0		0	0	0	0	0	0	0	0	0	0	0	0	0	0	0	0	0	0	COSN20045889:COSN19663070	-;T	MSH2;MSH2			RCV000168723.1:RCV000162526.1	-	germline	uncertain significance:likely benign	Hereditary_cancer-predisposing_syndrome	CN169374:C0027672				699346009		google	pubmed	ucsc	
MSH2	CT>CT/C	2	47635523	intron_variant	XM_005264332.1:c.212-4delT			deletion	het	yes	R8	100	100		15.73	445	70	375,70				4	XM_005264332.1			0			MSH2				XP_005264389.1	rs201372136;rs786201069			1	0	0		0	0	0	0	0	0	0	0	0	0	0	0	0	0	0	0	0	0	COSN20045889:COSN19663070	-;T	MSH2;MSH2			RCV000168723.1:RCV000162526.1	-	germline	uncertain significance:likely benign	Hereditary_cancer-predisposing_syndrome	CN169374:C0027672				699346009		google	pubmed	ucsc	
MSH2	C>C/CT	2	47635523	intron_variant	NM_000251.2:c.212-4dupT			insertion	het	yes	R8	100	100		12.66	403	51	352,51				4	NM_000251.2			0			MSH2	YES			NP_000242.1	rs757515274			1	0	0		0	0	0	0	0	0	0	0	0	0	0	0	0	0	0	0	0	0	COSN20045889:COSN19663070	-;T	MSH2;MSH2			RCV000168723.1:RCV000162526.1	-	germline	uncertain significance:likely benign	Hereditary_cancer-predisposing_syndrome	CN169374:C0027672				699346009		google	pubmed	ucsc	
MSH2	C>C/CT	2	47635523	intron_variant	NM_001258281.1:c.14-4dupT			insertion	het	yes	R8	100	100		12.66	403	51	352,51				4	NM_001258281.1			0			MSH2				NP_001245210.1	rs757515274			1	0	0		0	0	0	0	0	0	0	0	0	0	0	0	0	0	0	0	0	0	COSN20045889:COSN19663070	-;T	MSH2;MSH2			RCV000168723.1:RCV000162526.1	-	germline	uncertain significance:likely benign	Hereditary_cancer-predisposing_syndrome	CN169374:C0027672				699346009		google	pubmed	ucsc	
MSH2	C>C/CT	2	47635523	intron_variant	XM_005264333.1:c.212-4dupT			insertion	het	yes	R8	100	100		12.66	403	51	352,51				4	XM_005264333.1			0			MSH2				XP_005264390.1	rs757515274			1	0	0		0	0	0	0	0	0	0	0	0	0	0	0	0	0	0	0	0	0	COSN20045889:COSN19663070	-;T	MSH2;MSH2			RCV000168723.1:RCV000162526.1	-	germline	uncertain significance:likely benign	Hereditary_cancer-predisposing_syndrome	CN169374:C0027672				699346009		google	pubmed	ucsc	
MSH2	C>C/CT	2	47635523	intron_variant	XM_005264332.1:c.212-4dupT			insertion	het	yes	R8	100	100		12.66	403	51	352,51				4	XM_005264332.1			0			MSH2				XP_005264389.1	rs757515274			1	0	0		0	0	0	0	0	0	0	0	0	0	0	0	0	0	0	0	0	0	COSN20045889:COSN19663070	-;T	MSH2;MSH2			RCV000168723.1:RCV000162526.1	-	germline	uncertain significance:likely benign	Hereditary_cancer-predisposing_syndrome	CN169374:C0027672				699346009		google	pubmed	ucsc	
MSH2	C>C/CTT	2	47635523	intron_variant	NM_000251.2:c.212-5_212-4dupTT			insertion	het	yes	R8	35	35		3.23	403	13	390,13				4	NM_000251.2			0			MSH2	YES			NP_000242.1	rs757515274			1	0	0		0	0	0	0	0	0	0	0	0	0	0	0	0	0	0	0	0	0	COSN20045889:COSN19663070	-;T	MSH2;MSH2			RCV000168723.1:RCV000162526.1	-	germline	uncertain significance:likely benign	Hereditary_cancer-predisposing_syndrome	CN169374:C0027672				699346009		google	pubmed	ucsc	
MSH2	C>C/CTT	2	47635523	intron_variant	NM_001258281.1:c.14-5_14-4dupTT			insertion	het	yes	R8	35	35		3.23	403	13	390,13				4	NM_001258281.1			0			MSH2				NP_001245210.1	rs757515274			1	0	0		0	0	0	0	0	0	0	0	0	0	0	0	0	0	0	0	0	0	COSN20045889:COSN19663070	-;T	MSH2;MSH2			RCV000168723.1:RCV000162526.1	-	germline	uncertain significance:likely benign	Hereditary_cancer-predisposing_syndrome	CN169374:C0027672				699346009		google	pubmed	ucsc	
MSH2	C>C/CTT	2	47635523	intron_variant	XM_005264333.1:c.212-5_212-4dupTT			insertion	het	yes	R8	35	35		3.23	403	13	390,13				4	XM_005264333.1			0			MSH2				XP_005264390.1	rs757515274			1	0	0		0	0	0	0	0	0	0	0	0	0	0	0	0	0	0	0	0	0	COSN20045889:COSN19663070	-;T	MSH2;MSH2			RCV000168723.1:RCV000162526.1	-	germline	uncertain significance:likely benign	Hereditary_cancer-predisposing_syndrome	CN169374:C0027672				699346009		google	pubmed	ucsc	
MSH2	C>C/CTT	2	47635523	intron_variant	XM_005264332.1:c.212-5_212-4dupTT			insertion	het	yes	R8	35	35		3.23	403	13	390,13				4	XM_005264332.1			0			MSH2				XP_005264389.1	rs757515274			1	0	0		0	0	0	0	0	0	0	0	0	0	0	0	0	0	0	0	0	0	COSN20045889:COSN19663070	-;T	MSH2;MSH2			RCV000168723.1:RCV000162526.1	-	germline	uncertain significance:likely benign	Hereditary_cancer-predisposing_syndrome	CN169374:C0027672				699346009		google	pubmed	ucsc	
MSH2	G>G/A	2	47641587	intron_variant	NM_000251.2:c.942+30G>A			snv	het	no	SB;LowGQ	23	23		5.8	69	4	63,4				4	NM_000251.2			0			MSH2	YES			NP_000242.1		0.082		1	0	0		0	0	0	0	0	0	0	0	0	0	0	0	0	0	0	0	0	0																	google	pubmed	ucsc	
MSH2	G>G/A	2	47641587	intron_variant	NM_001258281.1:c.744+30G>A			snv	het	no	SB;LowGQ	23	23		5.8	69	4	63,4				4	NM_001258281.1			0			MSH2				NP_001245210.1		0.082		1	0	0		0	0	0	0	0	0	0	0	0	0	0	0	0	0	0	0	0	0																	google	pubmed	ucsc	
MSH2	G>G/A	2	47641587	intron_variant	XM_005264333.1:c.793-1848G>A			snv	het	no	SB;LowGQ	23	23		5.8	69	4	63,4				4	XM_005264333.1			0			MSH2				XP_005264390.1		0.082		1	0	0		0	0	0	0	0	0	0	0	0	0	0	0	0	0	0	0	0	0																	google	pubmed	ucsc	
MSH2	G>G/A	2	47641587	intron_variant	XM_005264332.1:c.942+30G>A			snv	het	no	SB;LowGQ	23	23		5.8	69	4	63,4				4	XM_005264332.1			0			MSH2				XP_005264389.1		0.082		1	0	0		0	0	0	0	0	0	0	0	0	0	0	0	0	0	0	0	0	0																	google	pubmed	ucsc	
MSH2	G>G/A	2	47641588	intron_variant	NM_000251.2:c.942+31G>A			snv	het	no	SB	31	31		7.14	70	5	65,5				4	NM_000251.2			0			MSH2	YES			NP_000242.1	rs767820592	0.22		1	0	0		0	0	0	0	0	0	0	0	0	0	0	0	0	0	0	0	2700	38594																	google	pubmed	ucsc	
MSH2	G>G/A	2	47641588	intron_variant	NM_001258281.1:c.744+31G>A			snv	het	no	SB	31	31		7.14	70	5	65,5				4	NM_001258281.1			0			MSH2				NP_001245210.1	rs767820592	0.22		1	0	0		0	0	0	0	0	0	0	0	0	0	0	0	0	0	0	0	2700	38594																	google	pubmed	ucsc	
MSH2	G>G/A	2	47641588	intron_variant	XM_005264333.1:c.793-1847G>A			snv	het	no	SB	31	31		7.14	70	5	65,5				4	XM_005264333.1			0			MSH2				XP_005264390.1	rs767820592	0.22		1	0	0		0	0	0	0	0	0	0	0	0	0	0	0	0	0	0	0	2700	38594																	google	pubmed	ucsc	
MSH2	G>G/A	2	47641588	intron_variant	XM_005264332.1:c.942+31G>A			snv	het	no	SB	31	31		7.14	70	5	65,5				4	XM_005264332.1			0			MSH2				XP_005264389.1	rs767820592	0.22		1	0	0		0	0	0	0	0	0	0	0	0	0	0	0	0	0	0	0	2700	38594																	google	pubmed	ucsc	
MSH2	G>G/A	2	47641589	intron_variant	NM_000251.2:c.942+32G>A			snv	het	no	SB	70	70		12.16	74	9	65,9				4	NM_000251.2			0			MSH2	YES			NP_000242.1		-0.113		1	0	0		0	0	0	0	0	0	0	0	0	0	0	0	0	0	0	0	0	0																	google	pubmed	ucsc	
MSH2	G>G/A	2	47641589	intron_variant	NM_001258281.1:c.744+32G>A			snv	het	no	SB	70	70		12.16	74	9	65,9				4	NM_001258281.1			0			MSH2				NP_001245210.1		-0.113		1	0	0		0	0	0	0	0	0	0	0	0	0	0	0	0	0	0	0	0	0																	google	pubmed	ucsc	
MSH2	G>G/A	2	47641589	intron_variant	XM_005264333.1:c.793-1846G>A			snv	het	no	SB	70	70		12.16	74	9	65,9				4	XM_005264333.1			0			MSH2				XP_005264390.1		-0.113		1	0	0		0	0	0	0	0	0	0	0	0	0	0	0	0	0	0	0	0	0																	google	pubmed	ucsc	
MSH2	G>G/A	2	47641589	intron_variant	XM_005264332.1:c.942+32G>A			snv	het	no	SB	70	70		12.16	74	9	65,9				4	XM_005264332.1			0			MSH2				XP_005264389.1		-0.113		1	0	0		0	0	0	0	0	0	0	0	0	0	0	0	0	0	0	0	0	0																	google	pubmed	ucsc	
MSH2	T>T/A	2	47641590	intron_variant	NM_000251.2:c.942+33T>A			snv	het	no	SB	81	81		13.33	75	10	65,10				4	NM_000251.2			0			MSH2	YES			NP_000242.1		0.565		1	0	0		0	0	0	0	0	0	0	0	0	0	0	0	0	0	0	0	0	0																	google	pubmed	ucsc	
MSH2	T>T/A	2	47641590	intron_variant	NM_001258281.1:c.744+33T>A			snv	het	no	SB	81	81		13.33	75	10	65,10				4	NM_001258281.1			0			MSH2				NP_001245210.1		0.565		1	0	0		0	0	0	0	0	0	0	0	0	0	0	0	0	0	0	0	0	0																	google	pubmed	ucsc	
MSH2	T>T/A	2	47641590	intron_variant	XM_005264333.1:c.793-1845T>A			snv	het	no	SB	81	81		13.33	75	10	65,10				4	XM_005264333.1			0			MSH2				XP_005264390.1		0.565		1	0	0		0	0	0	0	0	0	0	0	0	0	0	0	0	0	0	0	0	0																	google	pubmed	ucsc	
MSH2	T>T/A	2	47641590	intron_variant	XM_005264332.1:c.942+33T>A			snv	het	no	SB	81	81		13.33	75	10	65,10				4	XM_005264332.1			0			MSH2				XP_005264389.1		0.565		1	0	0		0	0	0	0	0	0	0	0	0	0	0	0	0	0	0	0	0	0																	google	pubmed	ucsc	
MSH2	T>T/A	2	47641591	intron_variant	NM_000251.2:c.942+34T>A			snv	het	no	SB	70	70		12	75	9	66,9				4	NM_000251.2			0			MSH2	YES			NP_000242.1		1.549		1	0	0		0	0	0	0	0	0	0	0	0	0	0	0	0	0	0	0	0	0																	google	pubmed	ucsc	
MSH2	T>T/A	2	47641591	intron_variant	NM_001258281.1:c.744+34T>A			snv	het	no	SB	70	70		12	75	9	66,9				4	NM_001258281.1			0			MSH2				NP_001245210.1		1.549		1	0	0		0	0	0	0	0	0	0	0	0	0	0	0	0	0	0	0	0	0																	google	pubmed	ucsc	
MSH2	T>T/A	2	47641591	intron_variant	XM_005264333.1:c.793-1844T>A			snv	het	no	SB	70	70		12	75	9	66,9				4	XM_005264333.1			0			MSH2				XP_005264390.1		1.549		1	0	0		0	0	0	0	0	0	0	0	0	0	0	0	0	0	0	0	0	0																	google	pubmed	ucsc	
MSH2	T>T/A	2	47641591	intron_variant	XM_005264332.1:c.942+34T>A			snv	het	no	SB	70	70		12	75	9	66,9				4	XM_005264332.1			0			MSH2				XP_005264389.1		1.549		1	0	0		0	0	0	0	0	0	0	0	0	0	0	0	0	0	0	0	0	0																	google	pubmed	ucsc	
MSH2	T>T/C	2	47656871	intron_variant	NM_000251.2:c.1077-10T>C			snv	het	yes	PASS	100	100		46.88	1041	488	553,488				4	NM_000251.2			0			MSH2	YES			NP_000242.1	rs17224360	2.828	t	1	0.78	0.78	C	2.16	0	0.1	0.15	2.09	1.33	3000	6448	1.5	0.41	1.65	0	0.46	0.25	2.22	0.81	2600	53989						RCV000030235.3:RCV000179738.2:RCV000210766.1	C	germline	benign	Lynch_syndrome:Hereditary_cancer-predisposing_syndrome	C1333990:CN169374:C0027672		ORPHA144		315058005:699346009	ENSR00001700911	google	pubmed	ucsc	
MSH2	T>T/C	2	47656871	intron_variant	NM_001258281.1:c.879-10T>C			snv	het	yes	PASS	100	100		46.88	1041	488	553,488				4	NM_001258281.1			0			MSH2				NP_001245210.1	rs17224360	2.828	t	1	0.78	0.78	C	2.16	0	0.1	0.15	2.09	1.33	3000	6448	1.5	0.41	1.65	0	0.46	0.25	2.22	0.81	2600	53989						RCV000030235.3:RCV000179738.2:RCV000210766.1	C	germline	benign	Lynch_syndrome:Hereditary_cancer-predisposing_syndrome	C1333990:CN169374:C0027672		ORPHA144		315058005:699346009	ENSR00001700911	google	pubmed	ucsc	
MSH2	T>T/C	2	47656871	intron_variant	XM_005264333.1:c.927-10T>C			snv	het	yes	PASS	100	100		46.88	1041	488	553,488				4	XM_005264333.1			0			MSH2				XP_005264390.1	rs17224360	2.828	t	1	0.78	0.78	C	2.16	0	0.1	0.15	2.09	1.33	3000	6448	1.5	0.41	1.65	0	0.46	0.25	2.22	0.81	2600	53989						RCV000030235.3:RCV000179738.2:RCV000210766.1	C	germline	benign	Lynch_syndrome:Hereditary_cancer-predisposing_syndrome	C1333990:CN169374:C0027672		ORPHA144		315058005:699346009	ENSR00001700911	google	pubmed	ucsc	
MSH2	T>T/C	2	47656871	intron_variant	XM_005264332.1:c.1077-10T>C			snv	het	yes	PASS	100	100		46.88	1041	488	553,488				4	XM_005264332.1			0			MSH2				XP_005264389.1	rs17224360	2.828	t	1	0.78	0.78	C	2.16	0	0.1	0.15	2.09	1.33	3000	6448	1.5	0.41	1.65	0	0.46	0.25	2.22	0.81	2600	53989						RCV000030235.3:RCV000179738.2:RCV000210766.1	C	germline	benign	Lynch_syndrome:Hereditary_cancer-predisposing_syndrome	C1333990:CN169374:C0027672		ORPHA144		315058005:699346009	ENSR00001700911	google	pubmed	ucsc	
MSH2	G>G/A	2	47693959	intron_variant	NM_000251.2:c.1661+12G>A			snv	het	yes	PASS	100	100		46.74	1348	630	718,630				4	NM_000251.2			0			MSH2	YES			NP_000242.1	rs3732183	-0.844	G	1	48.34	48.34	A	32.42	65.47	35.17	67.25	30.12	37.87	5800	6499	35.01	62.22	28.03	65.77	33.37	39.8	28.02	33.88	5500	60529	COSN5270337	C	MSH2			RCV000030241.3:RCV000035358.8:RCV000132147.1:RCV000144614.1	A	germline	benign	Lynch_syndrome:Hereditary_cancer-predisposing_syndrome:Lynch_syndrome_I	C1333990:CN169374:C0027672:C2936783	120435	ORPHA144		315058005:699346009		google	pubmed	ucsc	
MSH2	G>G/A	2	47693959	intron_variant	NM_001258281.1:c.1463+12G>A			snv	het	yes	PASS	100	100		46.74	1348	630	718,630				4	NM_001258281.1			0			MSH2				NP_001245210.1	rs3732183	-0.844	G	1	48.34	48.34	A	32.42	65.47	35.17	67.25	30.12	37.87	5800	6499	35.01	62.22	28.03	65.77	33.37	39.8	28.02	33.88	5500	60529	COSN5270337	C	MSH2			RCV000030241.3:RCV000035358.8:RCV000132147.1:RCV000144614.1	A	germline	benign	Lynch_syndrome:Hereditary_cancer-predisposing_syndrome:Lynch_syndrome_I	C1333990:CN169374:C0027672:C2936783	120435	ORPHA144		315058005:699346009		google	pubmed	ucsc	
MSH2	G>G/A	2	47693959	intron_variant	XM_005264333.1:c.1511+12G>A			snv	het	yes	PASS	100	100		46.74	1348	630	718,630				4	XM_005264333.1			0			MSH2				XP_005264390.1	rs3732183	-0.844	G	1	48.34	48.34	A	32.42	65.47	35.17	67.25	30.12	37.87	5800	6499	35.01	62.22	28.03	65.77	33.37	39.8	28.02	33.88	5500	60529	COSN5270337	C	MSH2			RCV000030241.3:RCV000035358.8:RCV000132147.1:RCV000144614.1	A	germline	benign	Lynch_syndrome:Hereditary_cancer-predisposing_syndrome:Lynch_syndrome_I	C1333990:CN169374:C0027672:C2936783	120435	ORPHA144		315058005:699346009		google	pubmed	ucsc	
MSH2	G>G/A	2	47693959	intron_variant	XM_005264332.1:c.1661+12G>A			snv	het	yes	PASS	100	100		46.74	1348	630	718,630				4	XM_005264332.1			0			MSH2				XP_005264389.1	rs3732183	-0.844	G	1	48.34	48.34	A	32.42	65.47	35.17	67.25	30.12	37.87	5800	6499	35.01	62.22	28.03	65.77	33.37	39.8	28.02	33.88	5500	60529	COSN5270337	C	MSH2			RCV000030241.3:RCV000035358.8:RCV000132147.1:RCV000144614.1	A	germline	benign	Lynch_syndrome:Hereditary_cancer-predisposing_syndrome:Lynch_syndrome_I	C1333990:CN169374:C0027672:C2936783	120435	ORPHA144		315058005:699346009		google	pubmed	ucsc	
MSH2	GTT>GTT/G	2	47702451	intron_variant	NM_000251.2:c.2005+60_2005+61delTT			deletion	het	no	R8	30	30		2.93	409	12	397,12				4	NM_000251.2			0			MSH2	YES			NP_000242.1	rs766818360			1	0	0.04	G	0	0	0	0	0	0	0	0	2.44	2.13	2.25	2.6	2.42	3.02	2.45	2.1	9600	14237	COSN20083029:COSN20083030	-;-	MSH2;MSH2														google	pubmed	ucsc	
MSH2	GTT>GTT/G	2	47702451	intron_variant	NM_001258281.1:c.1807+60_1807+61delTT			deletion	het	no	R8	30	30		2.93	409	12	397,12				4	NM_001258281.1			0			MSH2				NP_001245210.1	rs766818360			1	0	0.04	G	0	0	0	0	0	0	0	0	2.44	2.13	2.25	2.6	2.42	3.02	2.45	2.1	9600	14237	COSN20083029:COSN20083030	-;-	MSH2;MSH2														google	pubmed	ucsc	
MSH2	GTT>GTT/G	2	47702451	intron_variant	XM_005264333.1:c.1855+60_1855+61delTT			deletion	het	no	R8	30	30		2.93	409	12	397,12				4	XM_005264333.1			0			MSH2				XP_005264390.1	rs766818360			1	0	0.04	G	0	0	0	0	0	0	0	0	2.44	2.13	2.25	2.6	2.42	3.02	2.45	2.1	9600	14237	COSN20083029:COSN20083030	-;-	MSH2;MSH2														google	pubmed	ucsc	
MSH2	GTT>GTT/G	2	47702451	intron_variant	XM_005264332.1:c.2005+60_2005+61delTT			deletion	het	no	R8	30	30		2.93	409	12	397,12				4	XM_005264332.1			0			MSH2				XP_005264389.1	rs766818360			1	0	0.04	G	0	0	0	0	0	0	0	0	2.44	2.13	2.25	2.6	2.42	3.02	2.45	2.1	9600	14237	COSN20083029:COSN20083030	-;-	MSH2;MSH2														google	pubmed	ucsc	
MSH2	GT>GT/G	2	47702451	intron_variant	NM_000251.2:c.2005+61delT			deletion	het	no	R8	100	100		11.36	405	46	359,46				4	NM_000251.2			0			MSH2	YES			NP_000242.1	rs201305711			1	0	0.04	G	0	0	0	0	0	0	0	0	0	0	0	0	0	0	0	0	0	0	COSN20083029:COSN20083030	-;-	MSH2;MSH2														google	pubmed	ucsc	
MSH2	GT>GT/G	2	47702451	intron_variant	NM_001258281.1:c.1807+61delT			deletion	het	no	R8	100	100		11.36	405	46	359,46				4	NM_001258281.1			0			MSH2				NP_001245210.1	rs201305711			1	0	0.04	G	0	0	0	0	0	0	0	0	0	0	0	0	0	0	0	0	0	0	COSN20083029:COSN20083030	-;-	MSH2;MSH2														google	pubmed	ucsc	
MSH2	GT>GT/G	2	47702451	intron_variant	XM_005264333.1:c.1855+61delT			deletion	het	no	R8	100	100		11.36	405	46	359,46				4	XM_005264333.1			0			MSH2				XP_005264390.1	rs201305711			1	0	0.04	G	0	0	0	0	0	0	0	0	0	0	0	0	0	0	0	0	0	0	COSN20083029:COSN20083030	-;-	MSH2;MSH2														google	pubmed	ucsc	
MSH2	GT>GT/G	2	47702451	intron_variant	XM_005264332.1:c.2005+61delT			deletion	het	no	R8	100	100		11.36	405	46	359,46				4	XM_005264332.1			0			MSH2				XP_005264389.1	rs201305711			1	0	0.04	G	0	0	0	0	0	0	0	0	0	0	0	0	0	0	0	0	0	0	COSN20083029:COSN20083030	-;-	MSH2;MSH2														google	pubmed	ucsc	
MSH2	G>G/GT	2	47702451	intron_variant	NM_000251.2:c.2005+61dupT			insertion	het	no	R8	42	42		3.6	389	14	375,14				4	NM_000251.2			0			MSH2	YES			NP_000242.1	rs750040037			1	0	0.04	G	0	0	0	0	0	0	0	0	0	0	0	0	0	0	0	0	0	0	COSN20083029:COSN20083030	-;-	MSH2;MSH2														google	pubmed	ucsc	
MSH2	G>G/GT	2	47702451	intron_variant	NM_001258281.1:c.1807+61dupT			insertion	het	no	R8	42	42		3.6	389	14	375,14				4	NM_001258281.1			0			MSH2				NP_001245210.1	rs750040037			1	0	0.04	G	0	0	0	0	0	0	0	0	0	0	0	0	0	0	0	0	0	0	COSN20083029:COSN20083030	-;-	MSH2;MSH2														google	pubmed	ucsc	
MSH2	G>G/GT	2	47702451	intron_variant	XM_005264333.1:c.1855+61dupT			insertion	het	no	R8	42	42		3.6	389	14	375,14				4	XM_005264333.1			0			MSH2				XP_005264390.1	rs750040037			1	0	0.04	G	0	0	0	0	0	0	0	0	0	0	0	0	0	0	0	0	0	0	COSN20083029:COSN20083030	-;-	MSH2;MSH2														google	pubmed	ucsc	
MSH2	G>G/GT	2	47702451	intron_variant	XM_005264332.1:c.2005+61dupT			insertion	het	no	R8	42	42		3.6	389	14	375,14				4	XM_005264332.1			0			MSH2				XP_005264389.1	rs750040037			1	0	0.04	G	0	0	0	0	0	0	0	0	0	0	0	0	0	0	0	0	0	0	COSN20083029:COSN20083030	-;-	MSH2;MSH2														google	pubmed	ucsc	
MSH2	G>G/T	2	47702451	intron_variant	NM_000251.2:c.2005+42G>T			snv	het	no	SB	38	38		3.26	430	14	412,14				4	NM_000251.2			0			MSH2	YES			NP_000242.1	rs17218446	0.469		1	0	0		0	0	0	0	0	0	0	0	20.52	12.99	23.3	20.13	16.47	20.51	22.81	18.91	9600	14237																	google	pubmed	ucsc	
MSH2	G>G/T	2	47702451	intron_variant	NM_001258281.1:c.1807+42G>T			snv	het	no	SB	38	38		3.26	430	14	412,14				4	NM_001258281.1			0			MSH2				NP_001245210.1	rs17218446	0.469		1	0	0		0	0	0	0	0	0	0	0	20.52	12.99	23.3	20.13	16.47	20.51	22.81	18.91	9600	14237																	google	pubmed	ucsc	
MSH2	G>G/T	2	47702451	intron_variant	XM_005264333.1:c.1855+42G>T			snv	het	no	SB	38	38		3.26	430	14	412,14				4	XM_005264333.1			0			MSH2				XP_005264390.1	rs17218446	0.469		1	0	0		0	0	0	0	0	0	0	0	20.52	12.99	23.3	20.13	16.47	20.51	22.81	18.91	9600	14237																	google	pubmed	ucsc	
MSH2	G>G/T	2	47702451	intron_variant	XM_005264332.1:c.2005+42G>T			snv	het	no	SB	38	38		3.26	430	14	412,14				4	XM_005264332.1			0			MSH2				XP_005264389.1	rs17218446	0.469		1	0	0		0	0	0	0	0	0	0	0	20.52	12.99	23.3	20.13	16.47	20.51	22.81	18.91	9600	14237																	google	pubmed	ucsc	
MSH2	T>T/C	2	47703500	splice_region_variant,intron_variant	NM_000251.2:c.2006-6T>C			snv	het	yes	PASS	100	100		47.08	1676	789	884,789				4	NM_000251.2			0			MSH2	YES			NP_000242.1	rs2303428	1.985	T	1	13.2	13.2	C	8.64	36.31	13.6	1.06	8.75	7.26	5900	6503	11.54	2.35	7.17	35	13.81	10.52	10.23	9.02	3500	59746	COSM133154	C	MSH2	breast;stomach;soft_tissue;haematopoietic_and_lymphoid_tissue	carcinoma;carcinoma;haemangioblastoma;haematopoietic_neoplasm	RCV000030247.3:RCV000035359.8:RCV000144621.1:RCV000076352.2	C:G	germline	benign:uncertain significance	Lynch_syndrome:Lynch_syndrome_I	C1333990:CN169374:C2936783:C1333990	120435	ORPHA144:ORPHA144		315058005:315058005		google	pubmed	ucsc	
MSH2	T>T/C	2	47703500	splice_region_variant,intron_variant	NM_001258281.1:c.1808-6T>C			snv	het	yes	PASS	100	100		47.08	1676	789	884,789				4	NM_001258281.1			0			MSH2				NP_001245210.1	rs2303428	1.985	T	1	13.2	13.2	C	8.64	36.31	13.6	1.06	8.75	7.26	5900	6503	11.54	2.35	7.17	35	13.81	10.52	10.23	9.02	3500	59746	COSM133154	C	MSH2	breast;stomach;soft_tissue;haematopoietic_and_lymphoid_tissue	carcinoma;carcinoma;haemangioblastoma;haematopoietic_neoplasm	RCV000030247.3:RCV000035359.8:RCV000144621.1:RCV000076352.2	C:G	germline	benign:uncertain significance	Lynch_syndrome:Lynch_syndrome_I	C1333990:CN169374:C2936783:C1333990	120435	ORPHA144:ORPHA144		315058005:315058005		google	pubmed	ucsc	
MSH2	T>T/C	2	47703500	splice_region_variant,intron_variant	XM_005264333.1:c.1856-6T>C			snv	het	yes	PASS	100	100		47.08	1676	789	884,789				4	XM_005264333.1			0			MSH2				XP_005264390.1	rs2303428	1.985	T	1	13.2	13.2	C	8.64	36.31	13.6	1.06	8.75	7.26	5900	6503	11.54	2.35	7.17	35	13.81	10.52	10.23	9.02	3500	59746	COSM133154	C	MSH2	breast;stomach;soft_tissue;haematopoietic_and_lymphoid_tissue	carcinoma;carcinoma;haemangioblastoma;haematopoietic_neoplasm	RCV000030247.3:RCV000035359.8:RCV000144621.1:RCV000076352.2	C:G	germline	benign:uncertain significance	Lynch_syndrome:Lynch_syndrome_I	C1333990:CN169374:C2936783:C1333990	120435	ORPHA144:ORPHA144		315058005:315058005		google	pubmed	ucsc	
MSH2	T>T/C	2	47703500	splice_region_variant,intron_variant	XM_005264332.1:c.2006-6T>C			snv	het	yes	PASS	100	100		47.08	1676	789	884,789				4	XM_005264332.1			0			MSH2				XP_005264389.1	rs2303428	1.985	T	1	13.2	13.2	C	8.64	36.31	13.6	1.06	8.75	7.26	5900	6503	11.54	2.35	7.17	35	13.81	10.52	10.23	9.02	3500	59746	COSM133154	C	MSH2	breast;stomach;soft_tissue;haematopoietic_and_lymphoid_tissue	carcinoma;carcinoma;haemangioblastoma;haematopoietic_neoplasm	RCV000030247.3:RCV000035359.8:RCV000144621.1:RCV000076352.2	C:G	germline	benign:uncertain significance	Lynch_syndrome:Lynch_syndrome_I	C1333990:CN169374:C2936783:C1333990	120435	ORPHA144:ORPHA144		315058005:315058005		google	pubmed	ucsc	
MSH2	A>A/G	2	47739551	missense_variant	XM_005264332.1:c.2744A>G	XP_005264389.1:p.Gln915Arg		snv	het	yes	PASS	100	100		49.05	3209	1574	1632,1574				1	XM_005264332.1	2816	2744	915	Q/R	cAg/cGg	MSH2		tolerated - low confidence (0.07)	unknown (0)	XP_005264389.1	rs2303424	-1.084	G	1	52.79	47.2	A	37.9	67.56	43.86	66.19	39.36	42.92	2600	2867	45.79	61.59	36.62	68.15	45.45	52.47	41.21	46.56	2600	50198						RCV000034801.1:RCV000122427.1	G	germline	benign		CN221809:CN169374					ENSR00000676218	google	pubmed	ucsc	
MSH6	T>T/G	2	48010642	intron_variant	NM_000179.2:c.260+10T>G			snv	het	yes	SB;LowGQ	21	21		1.57	2234	35	2190,35				5	NM_000179.2			0			MSH6	YES			NP_000170.1	rs193922342	-0.195		1	0	0		0	0	0	0	0	0	0	0	0	0	0	0	0	0	0	0	0	0						RCV000030263.1:RCV000126841.3	G	germline	likely benign:benign	Lynch_syndrome	C1333990:CN169374		ORPHA144		315058005	ENSR00001542175	google	pubmed	ucsc	
MSH6	T>T/G	2	48010642	intron_variant	NM_001281493.1:c.-477+10T>G			snv	het	yes	SB;LowGQ	21	21		1.57	2234	35	2190,35				5	NM_001281493.1			0			MSH6				NP_001268422.1	rs193922342	-0.195		1	0	0		0	0	0	0	0	0	0	0	0	0	0	0	0	0	0	0	0	0						RCV000030263.1:RCV000126841.3	G	germline	likely benign:benign	Lynch_syndrome	C1333990:CN169374		ORPHA144		315058005	ENSR00001542175	google	pubmed	ucsc	
MSH6	T>T/G	2	48010642	intron_variant	NM_001281492.1:c.237+33T>G			snv	het	yes	SB;LowGQ	21	21		1.57	2234	35	2190,35				5	NM_001281492.1			0			MSH6				NP_001268421.1	rs193922342	-0.195		1	0	0		0	0	0	0	0	0	0	0	0	0	0	0	0	0	0	0	0	0						RCV000030263.1:RCV000126841.3	G	germline	likely benign:benign	Lynch_syndrome	C1333990:CN169374		ORPHA144		315058005	ENSR00001542175	google	pubmed	ucsc	
MSH6	T>T/G	2	48010642	upstream_gene_variant				snv	het	yes	SB;LowGQ	21	21		1.57	2234	35	2190,35				5	NM_001281494.1			0			MSH6				NP_001268423.1	rs193922342	-0.195		1	0	0		0	0	0	0	0	0	0	0	0	0	0	0	0	0	0	0	0	0						RCV000030263.1:RCV000126841.3	G	germline	likely benign:benign	Lynch_syndrome	C1333990:CN169374		ORPHA144		315058005	ENSR00001542175	google	pubmed	ucsc	
MSH6	T>T/G	2	48010642	upstream_gene_variant				snv	het	yes	SB;LowGQ	21	21		1.57	2234	35	2190,35				5	XM_005264271.1			0			MSH6				XP_005264328.1	rs193922342	-0.195		1	0	0		0	0	0	0	0	0	0	0	0	0	0	0	0	0	0	0	0	0						RCV000030263.1:RCV000126841.3	G	germline	likely benign:benign	Lynch_syndrome	C1333990:CN169374		ORPHA144		315058005	ENSR00001542175	google	pubmed	ucsc	
MSH6	C>C/G	2	48011049	intron_variant	NM_000179.2:c.260+417C>G			snv	het	no	SB	100	100		5.01	1038	52	977,52				5	NM_000179.2			0			MSH6	YES			NP_000170.1		-0.31		1	0	0		0	0	0	0	0	0	0	0	0	0	0	0	0	0	0	0	0	0																ENSR00001542175	google	pubmed	ucsc	
MSH6	C>C/G	2	48011049	intron_variant	NM_001281493.1:c.-477+417C>G			snv	het	no	SB	100	100		5.01	1038	52	977,52				5	NM_001281493.1			0			MSH6				NP_001268422.1		-0.31		1	0	0		0	0	0	0	0	0	0	0	0	0	0	0	0	0	0	0	0	0																ENSR00001542175	google	pubmed	ucsc	
MSH6	C>C/G	2	48011049	intron_variant	NM_001281492.1:c.237+440C>G			snv	het	no	SB	100	100		5.01	1038	52	977,52				5	NM_001281492.1			0			MSH6				NP_001268421.1		-0.31		1	0	0		0	0	0	0	0	0	0	0	0	0	0	0	0	0	0	0	0	0																ENSR00001542175	google	pubmed	ucsc	
MSH6	C>C/G	2	48011049	upstream_gene_variant				snv	het	no	SB	100	100		5.01	1038	52	977,52				5	NM_001281494.1			0			MSH6				NP_001268423.1		-0.31		1	0	0		0	0	0	0	0	0	0	0	0	0	0	0	0	0	0	0	0	0																ENSR00001542175	google	pubmed	ucsc	
MSH6	C>C/G	2	48011049	upstream_gene_variant				snv	het	no	SB	100	100		5.01	1038	52	977,52				5	XM_005264271.1			0			MSH6				XP_005264328.1		-0.31		1	0	0		0	0	0	0	0	0	0	0	0	0	0	0	0	0	0	0	0	0																ENSR00001542175	google	pubmed	ucsc	
MSH6	T>T/G	2	48011054	intron_variant	NM_000179.2:c.260+422T>G			snv	het	no	SB	100	100		3.97	1109	44	1063,44				5	NM_000179.2			0			MSH6	YES			NP_000170.1	rs527428575	-0.257	T	1	1.02	1.02	G	0.58	0.2	0.82	2.49	0.4	0	0	0	0	0	0	0	0	0	0	0	0	0																ENSR00001542175	google	pubmed	ucsc	
MSH6	T>T/G	2	48011054	intron_variant	NM_001281493.1:c.-477+422T>G			snv	het	no	SB	100	100		3.97	1109	44	1063,44				5	NM_001281493.1			0			MSH6				NP_001268422.1	rs527428575	-0.257	T	1	1.02	1.02	G	0.58	0.2	0.82	2.49	0.4	0	0	0	0	0	0	0	0	0	0	0	0	0																ENSR00001542175	google	pubmed	ucsc	
MSH6	T>T/G	2	48011054	intron_variant	NM_001281492.1:c.237+445T>G			snv	het	no	SB	100	100		3.97	1109	44	1063,44				5	NM_001281492.1			0			MSH6				NP_001268421.1	rs527428575	-0.257	T	1	1.02	1.02	G	0.58	0.2	0.82	2.49	0.4	0	0	0	0	0	0	0	0	0	0	0	0	0																ENSR00001542175	google	pubmed	ucsc	
MSH6	T>T/G	2	48011054	upstream_gene_variant				snv	het	no	SB	100	100		3.97	1109	44	1063,44				5	NM_001281494.1			0			MSH6				NP_001268423.1	rs527428575	-0.257	T	1	1.02	1.02	G	0.58	0.2	0.82	2.49	0.4	0	0	0	0	0	0	0	0	0	0	0	0	0																ENSR00001542175	google	pubmed	ucsc	
MSH6	T>T/G	2	48011054	upstream_gene_variant				snv	het	no	SB	100	100		3.97	1109	44	1063,44				5	XM_005264271.1			0			MSH6				XP_005264328.1	rs527428575	-0.257	T	1	1.02	1.02	G	0.58	0.2	0.82	2.49	0.4	0	0	0	0	0	0	0	0	0	0	0	0	0																ENSR00001542175	google	pubmed	ucsc	
MSH6	C>C/G	2	48011057	intron_variant	NM_000179.2:c.260+425C>G			snv	het	no	SB	37	37		2.2	1225	27	1194,27				5	NM_000179.2			0			MSH6	YES			NP_000170.1		0.084		1	0	0		0	0	0	0	0	0	0	0	0	0	0	0	0	0	0	0	0	0																ENSR00001542175	google	pubmed	ucsc	
MSH6	C>C/G	2	48011057	intron_variant	NM_001281493.1:c.-477+425C>G			snv	het	no	SB	37	37		2.2	1225	27	1194,27				5	NM_001281493.1			0			MSH6				NP_001268422.1		0.084		1	0	0		0	0	0	0	0	0	0	0	0	0	0	0	0	0	0	0	0	0																ENSR00001542175	google	pubmed	ucsc	
MSH6	C>C/G	2	48011057	intron_variant	NM_001281492.1:c.237+448C>G			snv	het	no	SB	37	37		2.2	1225	27	1194,27				5	NM_001281492.1			0			MSH6				NP_001268421.1		0.084		1	0	0		0	0	0	0	0	0	0	0	0	0	0	0	0	0	0	0	0	0																ENSR00001542175	google	pubmed	ucsc	
MSH6	C>C/G	2	48011057	upstream_gene_variant				snv	het	no	SB	37	37		2.2	1225	27	1194,27				5	NM_001281494.1			0			MSH6				NP_001268423.1		0.084		1	0	0		0	0	0	0	0	0	0	0	0	0	0	0	0	0	0	0	0	0																ENSR00001542175	google	pubmed	ucsc	
MSH6	C>C/G	2	48011057	upstream_gene_variant				snv	het	no	SB	37	37		2.2	1225	27	1194,27				5	XM_005264271.1			0			MSH6				XP_005264328.1		0.084		1	0	0		0	0	0	0	0	0	0	0	0	0	0	0	0	0	0	0	0	0																ENSR00001542175	google	pubmed	ucsc	
MSH6	G>G/C	2	48011091	intron_variant	NM_000179.2:c.260+459G>C			snv	het	yes	PASS	100	100		47.65	2296	1094	1198,1094				5	NM_000179.2			0			MSH6	YES			NP_000170.1	rs3136237	-1.002	C	1	11.52	11.52	C	16.57	0	7.16	8.24	28.13	0	0	0	0	0	0	0	0	0	0	0	0	0																ENSR00001542175	google	pubmed	ucsc	
MSH6	G>G/C	2	48011091	intron_variant	NM_001281493.1:c.-477+459G>C			snv	het	yes	PASS	100	100		47.65	2296	1094	1198,1094				5	NM_001281493.1			0			MSH6				NP_001268422.1	rs3136237	-1.002	C	1	11.52	11.52	C	16.57	0	7.16	8.24	28.13	0	0	0	0	0	0	0	0	0	0	0	0	0																ENSR00001542175	google	pubmed	ucsc	
MSH6	G>G/C	2	48011091	intron_variant	NM_001281492.1:c.237+482G>C			snv	het	yes	PASS	100	100		47.65	2296	1094	1198,1094				5	NM_001281492.1			0			MSH6				NP_001268421.1	rs3136237	-1.002	C	1	11.52	11.52	C	16.57	0	7.16	8.24	28.13	0	0	0	0	0	0	0	0	0	0	0	0	0																ENSR00001542175	google	pubmed	ucsc	
MSH6	G>G/C	2	48011091	upstream_gene_variant				snv	het	yes	PASS	100	100		47.65	2296	1094	1198,1094				5	NM_001281494.1			0			MSH6				NP_001268423.1	rs3136237	-1.002	C	1	11.52	11.52	C	16.57	0	7.16	8.24	28.13	0	0	0	0	0	0	0	0	0	0	0	0	0																ENSR00001542175	google	pubmed	ucsc	
MSH6	G>G/C	2	48011091	upstream_gene_variant				snv	het	yes	PASS	100	100		47.65	2296	1094	1198,1094				5	XM_005264271.1			0			MSH6				XP_005264328.1	rs3136237	-1.002	C	1	11.52	11.52	C	16.57	0	7.16	8.24	28.13	0	0	0	0	0	0	0	0	0	0	0	0	0																ENSR00001542175	google	pubmed	ucsc	
MSH6	T>T/C	2	48023115	synonymous_variant	NM_000179.2:c.540T>C	NM_000179.2:c.540T>C(p.=)		snv	het	yes	PASS	100	100		44.96	1706	767	937,767				5	NM_000179.2	692	540	180	D	gaT/gaC	MSH6	YES			NP_000170.1	rs1800935	0.661	t	1	13.52	13.52	C	17.72	0	6.95	14.9	28.73	25.06	7400	6503	21.44	16.75	11.09	0.08	9.48	28.55	29.01	20.92	4600	60614						RCV000030275.3:RCV000035326.7:RCV000131276.2	C	germline	benign	Lynch_syndrome:Hereditary_cancer-predisposing_syndrome	C1333990:CN169374:C0027672		ORPHA144		315058005:699346009		google	pubmed	ucsc	
MSH6	T>T/C	2	48023115	intron_variant	NM_001281493.1:c.-279-2635T>C			snv	het	yes	PASS	100	100		44.96	1706	767	937,767				5	NM_001281493.1			0			MSH6				NP_001268422.1	rs1800935	0.661	t	1	13.52	13.52	C	17.72	0	6.95	14.9	28.73	25.06	7400	6503	21.44	16.75	11.09	0.08	9.48	28.55	29.01	20.92	4600	60614						RCV000030275.3:RCV000035326.7:RCV000131276.2	C	germline	benign	Lynch_syndrome:Hereditary_cancer-predisposing_syndrome	C1333990:CN169374:C0027672		ORPHA144		315058005:699346009		google	pubmed	ucsc	
MSH6	T>T/C	2	48023115	intron_variant	NM_001281492.1:c.238-2635T>C			snv	het	yes	PASS	100	100		44.96	1706	767	937,767				5	NM_001281492.1			0			MSH6				NP_001268421.1	rs1800935	0.661	t	1	13.52	13.52	C	17.72	0	6.95	14.9	28.73	25.06	7400	6503	21.44	16.75	11.09	0.08	9.48	28.55	29.01	20.92	4600	60614						RCV000030275.3:RCV000035326.7:RCV000131276.2	C	germline	benign	Lynch_syndrome:Hereditary_cancer-predisposing_syndrome	C1333990:CN169374:C0027672		ORPHA144		315058005:699346009		google	pubmed	ucsc	
MSH6	T>T/C	2	48023115	5_prime_UTR_variant	NM_001281494.1:c.-363T>C			snv	het	yes	PASS	100	100		44.96	1706	767	937,767				5	NM_001281494.1	431		0			MSH6				NP_001268423.1	rs1800935	0.661	t	1	13.52	13.52	C	17.72	0	6.95	14.9	28.73	25.06	7400	6503	21.44	16.75	11.09	0.08	9.48	28.55	29.01	20.92	4600	60614						RCV000030275.3:RCV000035326.7:RCV000131276.2	C	germline	benign	Lynch_syndrome:Hereditary_cancer-predisposing_syndrome	C1333990:CN169374:C0027672		ORPHA144		315058005:699346009		google	pubmed	ucsc	
MSH6	T>T/C	2	48023115	synonymous_variant	XM_005264271.1:c.243T>C	XM_005264271.1:c.243T>C(p.=)		snv	het	yes	PASS	100	100		44.96	1706	767	937,767				5	XM_005264271.1	338	243	81	D	gaT/gaC	MSH6				XP_005264328.1	rs1800935	0.661	t	1	13.52	13.52	C	17.72	0	6.95	14.9	28.73	25.06	7400	6503	21.44	16.75	11.09	0.08	9.48	28.55	29.01	20.92	4600	60614						RCV000030275.3:RCV000035326.7:RCV000131276.2	C	germline	benign	Lynch_syndrome:Hereditary_cancer-predisposing_syndrome	C1333990:CN169374:C0027672		ORPHA144		315058005:699346009		google	pubmed	ucsc	
MSH6	C>C/T	2	48025764	synonymous_variant	NM_000179.2:c.642C>T	NM_000179.2:c.642C>T(p.=)		snv	het	yes	PASS	100	100		44.06	2535	1117	1416,1117				5	NM_000179.2	794	642	214	Y	taC/taT	MSH6	YES			NP_000170.1	rs1800937	-0.472	C	1	2.85	2.85	T	4.32	0	0.41	0.38	10.34	6.91	7100	6503	7.35	1.76	2.78	0	1.7	15.63	10.53	6.21	3400	59405	COSM5425166	T	MSH6	haematopoietic_and_lymphoid_tissue	haematopoietic_neoplasm	RCV000075015.2:RCV000075016.2:RCV000030277.3:RCV000035327.7:RCV000132355.2	A:G:T	germline	pathogenic:benign	Lynch_syndrome:Hereditary_cancer-predisposing_syndrome	C1333990:C1333990:C1333990:CN169374:C0027672		ORPHA144:ORPHA144:ORPHA144		315058005:315058005:315058005:699346009	ENSR00001700947	google	pubmed	ucsc	
MSH6	C>C/T	2	48025764	5_prime_UTR_variant	NM_001281493.1:c.-265C>T			snv	het	yes	PASS	100	100		44.06	2535	1117	1416,1117				5	NM_001281493.1	624		0			MSH6				NP_001268422.1	rs1800937	-0.472	C	1	2.85	2.85	T	4.32	0	0.41	0.38	10.34	6.91	7100	6503	7.35	1.76	2.78	0	1.7	15.63	10.53	6.21	3400	59405	COSM5425166	T	MSH6	haematopoietic_and_lymphoid_tissue	haematopoietic_neoplasm	RCV000075015.2:RCV000075016.2:RCV000030277.3:RCV000035327.7:RCV000132355.2	A:G:T	germline	pathogenic:benign	Lynch_syndrome:Hereditary_cancer-predisposing_syndrome	C1333990:C1333990:C1333990:CN169374:C0027672		ORPHA144:ORPHA144:ORPHA144		315058005:315058005:315058005:699346009	ENSR00001700947	google	pubmed	ucsc	
MSH6	C>C/T	2	48025764	synonymous_variant	NM_001281492.1:c.252C>T	NM_001281492.1:c.252C>T(p.=)		snv	het	yes	PASS	100	100		44.06	2535	1117	1416,1117				5	NM_001281492.1	404	252	84	Y	taC/taT	MSH6				NP_001268421.1	rs1800937	-0.472	C	1	2.85	2.85	T	4.32	0	0.41	0.38	10.34	6.91	7100	6503	7.35	1.76	2.78	0	1.7	15.63	10.53	6.21	3400	59405	COSM5425166	T	MSH6	haematopoietic_and_lymphoid_tissue	haematopoietic_neoplasm	RCV000075015.2:RCV000075016.2:RCV000030277.3:RCV000035327.7:RCV000132355.2	A:G:T	germline	pathogenic:benign	Lynch_syndrome:Hereditary_cancer-predisposing_syndrome	C1333990:C1333990:C1333990:CN169374:C0027672		ORPHA144:ORPHA144:ORPHA144		315058005:315058005:315058005:699346009	ENSR00001700947	google	pubmed	ucsc	
MSH6	C>C/T	2	48025764	5_prime_UTR_variant	NM_001281494.1:c.-265C>T			snv	het	yes	PASS	100	100		44.06	2535	1117	1416,1117				5	NM_001281494.1	529		0			MSH6				NP_001268423.1	rs1800937	-0.472	C	1	2.85	2.85	T	4.32	0	0.41	0.38	10.34	6.91	7100	6503	7.35	1.76	2.78	0	1.7	15.63	10.53	6.21	3400	59405	COSM5425166	T	MSH6	haematopoietic_and_lymphoid_tissue	haematopoietic_neoplasm	RCV000075015.2:RCV000075016.2:RCV000030277.3:RCV000035327.7:RCV000132355.2	A:G:T	germline	pathogenic:benign	Lynch_syndrome:Hereditary_cancer-predisposing_syndrome	C1333990:C1333990:C1333990:CN169374:C0027672		ORPHA144:ORPHA144:ORPHA144		315058005:315058005:315058005:699346009	ENSR00001700947	google	pubmed	ucsc	
MSH6	C>C/T	2	48025764	synonymous_variant	XM_005264271.1:c.345C>T	XM_005264271.1:c.345C>T(p.=)		snv	het	yes	PASS	100	100		44.06	2535	1117	1416,1117				5	XM_005264271.1	440	345	115	Y	taC/taT	MSH6				XP_005264328.1	rs1800937	-0.472	C	1	2.85	2.85	T	4.32	0	0.41	0.38	10.34	6.91	7100	6503	7.35	1.76	2.78	0	1.7	15.63	10.53	6.21	3400	59405	COSM5425166	T	MSH6	haematopoietic_and_lymphoid_tissue	haematopoietic_neoplasm	RCV000075015.2:RCV000075016.2:RCV000030277.3:RCV000035327.7:RCV000132355.2	A:G:T	germline	pathogenic:benign	Lynch_syndrome:Hereditary_cancer-predisposing_syndrome	C1333990:C1333990:C1333990:CN169374:C0027672		ORPHA144:ORPHA144:ORPHA144		315058005:315058005:315058005:699346009	ENSR00001700947	google	pubmed	ucsc	
MSH6	AC>AC/A	2	48030639	frameshift_variant	NM_000179.2:c.3261delC	NP_000170.1:p.Phe1088SerfsTer2		deletion	het	yes	PASS	56	56		2.05	2537	52	2485,52				11	NM_000179.2	3406	3254	1085	T/X	aCc/ac	MSH6	YES			NP_000170.1	rs267608078;rs770288143			1	0	0		0	0	0	0	0	0	0	0	0.02	0.04	0.01	0.02	0.02	0	0.01	0.11	4400	60168	COSM3186033:COSM308681:COSM5126106:COSM330655	CC;C;CCC;-	MSH6;MSH6;MSH6;MSH6	large_intestine;breast;large_intestine;oesophagus;large_intestine;lung;large_intestine;breast;lung;large_intestine;stomach;breast;large_intestine;large_intestine	carcinoma;carcinoma;carcinoma;carcinoma;carcinoma;carcinoma;carcinoma;carcinoma;carcinoma;carcinoma;carcinoma;carcinoma;carcinoma;carcinoma	RCV000074830.3:RCV000074831.3:RCV000115412.5:RCV000115411.5:RCV000078312.5:RCV000202045.1	-:C	germline	pathogenic	Lynch_syndrome:Hereditary_cancer-predisposing_syndrome	C1333990:C1333990:C0027672:C0027672:CN221809:CN221809		ORPHA144:ORPHA144		315058005:315058005:699346009:699346009		google	pubmed	ucsc	
MSH6	AC>AC/A	2	48030639	frameshift_variant	NM_001281493.1:c.2355delC	NP_001268422.1:p.Phe786SerfsTer2		deletion	het	yes	PASS	56	56		2.05	2537	52	2485,52				11	NM_001281493.1	3236	2348	783	T/X	aCc/ac	MSH6				NP_001268422.1	rs267608078;rs770288143			1	0	0		0	0	0	0	0	0	0	0	0.02	0.04	0.01	0.02	0.02	0	0.01	0.11	4400	60168	COSM3186033:COSM308681:COSM5126106:COSM330655	CC;C;CCC;-	MSH6;MSH6;MSH6;MSH6	large_intestine;breast;large_intestine;oesophagus;large_intestine;lung;large_intestine;breast;lung;large_intestine;stomach;breast;large_intestine;large_intestine	carcinoma;carcinoma;carcinoma;carcinoma;carcinoma;carcinoma;carcinoma;carcinoma;carcinoma;carcinoma;carcinoma;carcinoma;carcinoma;carcinoma	RCV000074830.3:RCV000074831.3:RCV000115412.5:RCV000115411.5:RCV000078312.5:RCV000202045.1	-:C	germline	pathogenic	Lynch_syndrome:Hereditary_cancer-predisposing_syndrome	C1333990:C1333990:C0027672:C0027672:CN221809:CN221809		ORPHA144:ORPHA144		315058005:315058005:699346009:699346009		google	pubmed	ucsc	
MSH6	AC>AC/A	2	48030639	frameshift_variant	NM_001281492.1:c.2871delC	NP_001268421.1:p.Phe958SerfsTer2		deletion	het	yes	PASS	56	56		2.05	2537	52	2485,52				11	NM_001281492.1	3016	2864	955	T/X	aCc/ac	MSH6				NP_001268421.1	rs267608078;rs770288143			1	0	0		0	0	0	0	0	0	0	0	0.02	0.04	0.01	0.02	0.02	0	0.01	0.11	4400	60168	COSM3186033:COSM308681:COSM5126106:COSM330655	CC;C;CCC;-	MSH6;MSH6;MSH6;MSH6	large_intestine;breast;large_intestine;oesophagus;large_intestine;lung;large_intestine;breast;lung;large_intestine;stomach;breast;large_intestine;large_intestine	carcinoma;carcinoma;carcinoma;carcinoma;carcinoma;carcinoma;carcinoma;carcinoma;carcinoma;carcinoma;carcinoma;carcinoma;carcinoma;carcinoma	RCV000074830.3:RCV000074831.3:RCV000115412.5:RCV000115411.5:RCV000078312.5:RCV000202045.1	-:C	germline	pathogenic	Lynch_syndrome:Hereditary_cancer-predisposing_syndrome	C1333990:C1333990:C0027672:C0027672:CN221809:CN221809		ORPHA144:ORPHA144		315058005:315058005:699346009:699346009		google	pubmed	ucsc	
MSH6	AC>AC/A	2	48030639	frameshift_variant	NM_001281494.1:c.2355delC	NP_001268423.1:p.Phe786SerfsTer2		deletion	het	yes	PASS	56	56		2.05	2537	52	2485,52				11	NM_001281494.1	3141	2348	783	T/X	aCc/ac	MSH6				NP_001268423.1	rs267608078;rs770288143			1	0	0		0	0	0	0	0	0	0	0	0.02	0.04	0.01	0.02	0.02	0	0.01	0.11	4400	60168	COSM3186033:COSM308681:COSM5126106:COSM330655	CC;C;CCC;-	MSH6;MSH6;MSH6;MSH6	large_intestine;breast;large_intestine;oesophagus;large_intestine;lung;large_intestine;breast;lung;large_intestine;stomach;breast;large_intestine;large_intestine	carcinoma;carcinoma;carcinoma;carcinoma;carcinoma;carcinoma;carcinoma;carcinoma;carcinoma;carcinoma;carcinoma;carcinoma;carcinoma;carcinoma	RCV000074830.3:RCV000074831.3:RCV000115412.5:RCV000115411.5:RCV000078312.5:RCV000202045.1	-:C	germline	pathogenic	Lynch_syndrome:Hereditary_cancer-predisposing_syndrome	C1333990:C1333990:C0027672:C0027672:CN221809:CN221809		ORPHA144:ORPHA144		315058005:315058005:699346009:699346009		google	pubmed	ucsc	
MSH6	AC>AC/A	2	48030639	frameshift_variant	XM_005264271.1:c.2964delC	XP_005264328.1:p.Phe989SerfsTer2		deletion	het	yes	PASS	56	56		2.05	2537	52	2485,52				11	XM_005264271.1	3052	2957	986	T/X	aCc/ac	MSH6				XP_005264328.1	rs267608078;rs770288143			1	0	0		0	0	0	0	0	0	0	0	0.02	0.04	0.01	0.02	0.02	0	0.01	0.11	4400	60168	COSM3186033:COSM308681:COSM5126106:COSM330655	CC;C;CCC;-	MSH6;MSH6;MSH6;MSH6	large_intestine;breast;large_intestine;oesophagus;large_intestine;lung;large_intestine;breast;lung;large_intestine;stomach;breast;large_intestine;large_intestine	carcinoma;carcinoma;carcinoma;carcinoma;carcinoma;carcinoma;carcinoma;carcinoma;carcinoma;carcinoma;carcinoma;carcinoma;carcinoma;carcinoma	RCV000074830.3:RCV000074831.3:RCV000115412.5:RCV000115411.5:RCV000078312.5:RCV000202045.1	-:C	germline	pathogenic	Lynch_syndrome:Hereditary_cancer-predisposing_syndrome	C1333990:C1333990:C0027672:C0027672:CN221809:CN221809		ORPHA144:ORPHA144		315058005:315058005:699346009:699346009		google	pubmed	ucsc	
MSH6	AC>AC/A	2	48030639	downstream_gene_variant				deletion	het	yes	PASS	56	56		2.05	2537	52	2485,52				11	NM_025133.4			0			FBXO11				NP_079409.3	rs267608078;rs770288143			1	0	0		0	0	0	0	0	0	0	0	0.02	0.04	0.01	0.02	0.02	0	0.01	0.11	4400	60168	COSM3186033:COSM308681:COSM5126106:COSM330655	CC;C;CCC;-	MSH6;MSH6;MSH6;MSH6	large_intestine;breast;large_intestine;oesophagus;large_intestine;lung;large_intestine;breast;lung;large_intestine;stomach;breast;large_intestine;large_intestine	carcinoma;carcinoma;carcinoma;carcinoma;carcinoma;carcinoma;carcinoma;carcinoma;carcinoma;carcinoma;carcinoma;carcinoma;carcinoma;carcinoma	RCV000074830.3:RCV000074831.3:RCV000115412.5:RCV000115411.5:RCV000078312.5:RCV000202045.1	-:C	germline	pathogenic	Lynch_syndrome:Hereditary_cancer-predisposing_syndrome	C1333990:C1333990:C0027672:C0027672:CN221809:CN221809		ORPHA144:ORPHA144		315058005:315058005:699346009:699346009		google	pubmed	ucsc	
MSH6	AC>AC/A	2	48030639	downstream_gene_variant				deletion	het	yes	PASS	56	56		2.05	2537	52	2485,52				11	XM_005264575.1			0			FBXO11				XP_005264632.1	rs267608078;rs770288143			1	0	0		0	0	0	0	0	0	0	0	0.02	0.04	0.01	0.02	0.02	0	0.01	0.11	4400	60168	COSM3186033:COSM308681:COSM5126106:COSM330655	CC;C;CCC;-	MSH6;MSH6;MSH6;MSH6	large_intestine;breast;large_intestine;oesophagus;large_intestine;lung;large_intestine;breast;lung;large_intestine;stomach;breast;large_intestine;large_intestine	carcinoma;carcinoma;carcinoma;carcinoma;carcinoma;carcinoma;carcinoma;carcinoma;carcinoma;carcinoma;carcinoma;carcinoma;carcinoma;carcinoma	RCV000074830.3:RCV000074831.3:RCV000115412.5:RCV000115411.5:RCV000078312.5:RCV000202045.1	-:C	germline	pathogenic	Lynch_syndrome:Hereditary_cancer-predisposing_syndrome	C1333990:C1333990:C0027672:C0027672:CN221809:CN221809		ORPHA144:ORPHA144		315058005:315058005:699346009:699346009		google	pubmed	ucsc	
MSH6	AC>AC/A	2	48030639	downstream_gene_variant				deletion	het	yes	PASS	56	56		2.05	2537	52	2485,52				11	NM_001190274.1			0			FBXO11	YES			NP_001177203.1	rs267608078;rs770288143			1	0	0		0	0	0	0	0	0	0	0	0.02	0.04	0.01	0.02	0.02	0	0.01	0.11	4400	60168	COSM3186033:COSM308681:COSM5126106:COSM330655	CC;C;CCC;-	MSH6;MSH6;MSH6;MSH6	large_intestine;breast;large_intestine;oesophagus;large_intestine;lung;large_intestine;breast;lung;large_intestine;stomach;breast;large_intestine;large_intestine	carcinoma;carcinoma;carcinoma;carcinoma;carcinoma;carcinoma;carcinoma;carcinoma;carcinoma;carcinoma;carcinoma;carcinoma;carcinoma;carcinoma	RCV000074830.3:RCV000074831.3:RCV000115412.5:RCV000115411.5:RCV000078312.5:RCV000202045.1	-:C	germline	pathogenic	Lynch_syndrome:Hereditary_cancer-predisposing_syndrome	C1333990:C1333990:C0027672:C0027672:CN221809:CN221809		ORPHA144:ORPHA144		315058005:315058005:699346009:699346009		google	pubmed	ucsc	
MSH6	AC>AC/A	2	48030639	downstream_gene_variant				deletion	het	yes	PASS	56	56		2.05	2537	52	2485,52				11	XM_005264573.1			0			FBXO11				XP_005264630.1	rs267608078;rs770288143			1	0	0		0	0	0	0	0	0	0	0	0.02	0.04	0.01	0.02	0.02	0	0.01	0.11	4400	60168	COSM3186033:COSM308681:COSM5126106:COSM330655	CC;C;CCC;-	MSH6;MSH6;MSH6;MSH6	large_intestine;breast;large_intestine;oesophagus;large_intestine;lung;large_intestine;breast;lung;large_intestine;stomach;breast;large_intestine;large_intestine	carcinoma;carcinoma;carcinoma;carcinoma;carcinoma;carcinoma;carcinoma;carcinoma;carcinoma;carcinoma;carcinoma;carcinoma;carcinoma;carcinoma	RCV000074830.3:RCV000074831.3:RCV000115412.5:RCV000115411.5:RCV000078312.5:RCV000202045.1	-:C	germline	pathogenic	Lynch_syndrome:Hereditary_cancer-predisposing_syndrome	C1333990:C1333990:C0027672:C0027672:CN221809:CN221809		ORPHA144:ORPHA144		315058005:315058005:699346009:699346009		google	pubmed	ucsc	
MSH6	AC>AC/A	2	48030639	downstream_gene_variant				deletion	het	yes	PASS	56	56		2.05	2537	52	2485,52				11	XM_005264572.1			0			FBXO11				XP_005264629.1	rs267608078;rs770288143			1	0	0		0	0	0	0	0	0	0	0	0.02	0.04	0.01	0.02	0.02	0	0.01	0.11	4400	60168	COSM3186033:COSM308681:COSM5126106:COSM330655	CC;C;CCC;-	MSH6;MSH6;MSH6;MSH6	large_intestine;breast;large_intestine;oesophagus;large_intestine;lung;large_intestine;breast;lung;large_intestine;stomach;breast;large_intestine;large_intestine	carcinoma;carcinoma;carcinoma;carcinoma;carcinoma;carcinoma;carcinoma;carcinoma;carcinoma;carcinoma;carcinoma;carcinoma;carcinoma;carcinoma	RCV000074830.3:RCV000074831.3:RCV000115412.5:RCV000115411.5:RCV000078312.5:RCV000202045.1	-:C	germline	pathogenic	Lynch_syndrome:Hereditary_cancer-predisposing_syndrome	C1333990:C1333990:C0027672:C0027672:CN221809:CN221809		ORPHA144:ORPHA144		315058005:315058005:699346009:699346009		google	pubmed	ucsc	
MSH6	AC>AC/A	2	48030639	downstream_gene_variant				deletion	het	yes	PASS	56	56		2.05	2537	52	2485,52				11	XM_005264574.1			0			FBXO11				XP_005264631.1	rs267608078;rs770288143			1	0	0		0	0	0	0	0	0	0	0	0.02	0.04	0.01	0.02	0.02	0	0.01	0.11	4400	60168	COSM3186033:COSM308681:COSM5126106:COSM330655	CC;C;CCC;-	MSH6;MSH6;MSH6;MSH6	large_intestine;breast;large_intestine;oesophagus;large_intestine;lung;large_intestine;breast;lung;large_intestine;stomach;breast;large_intestine;large_intestine	carcinoma;carcinoma;carcinoma;carcinoma;carcinoma;carcinoma;carcinoma;carcinoma;carcinoma;carcinoma;carcinoma;carcinoma;carcinoma;carcinoma	RCV000074830.3:RCV000074831.3:RCV000115412.5:RCV000115411.5:RCV000078312.5:RCV000202045.1	-:C	germline	pathogenic	Lynch_syndrome:Hereditary_cancer-predisposing_syndrome	C1333990:C1333990:C0027672:C0027672:CN221809:CN221809		ORPHA144:ORPHA144		315058005:315058005:699346009:699346009		google	pubmed	ucsc	
MSH6	A>A/T	2	48030838	intron_variant	NM_000179.2:c.3438+14A>T			snv	het	yes	PASS	100	100		49.56	1838	911	927,911				11	NM_000179.2			0			MSH6	YES			NP_000170.1	rs2020911	-0.353	A	1	40.09	40.1	T	45.96	61.9	53.99	13.16	36.08	31.46	6900	6503	40.43	17.87	52.52	61.68	47.89	33.79	37.8	38.63	7600	60442						RCV000035324.8:RCV000074853.2	T	germline	benign	Lynch_syndrome	CN169374:C1333990		ORPHA144		315058005		google	pubmed	ucsc	
MSH6	A>A/T	2	48030838	intron_variant	NM_001281493.1:c.2532+14A>T			snv	het	yes	PASS	100	100		49.56	1838	911	927,911				11	NM_001281493.1			0			MSH6				NP_001268422.1	rs2020911	-0.353	A	1	40.09	40.1	T	45.96	61.9	53.99	13.16	36.08	31.46	6900	6503	40.43	17.87	52.52	61.68	47.89	33.79	37.8	38.63	7600	60442						RCV000035324.8:RCV000074853.2	T	germline	benign	Lynch_syndrome	CN169374:C1333990		ORPHA144		315058005		google	pubmed	ucsc	
